ID,Timepoint,Species,Trial_date,Pool,VolumeL,Wet_wt,Dry_wt,Volume_Chamber,Adjusted_Volume,Tested_Together,Temp,Blank Slope,Percent_Blank_Slope,Adjusted_Blank,Slope R2,Slope (mgO2min),Adjusted Rate (mgO2min),Final Slope (mgO2min),VO2,MO2,Min_O2,Start_Time,End_Time,Sensor_Number,Raw_Data_File,,Time_Chamber_Closed,Notes
Littorine08,19-Mar,Littorine,23-Mar-19,8,0.0001,0.4423,0.05,0.0062,0.0061,3,10,0.008566027,16%,0.000053109,0.98,0.05497466,0.000335345,0.000282236,0.016934164,0.33868327,7.006,16:21:35,16:56:23,8,Littorine_TP08_10C_23March2019.csv,,0:34:48,
Littorine08,19-Mar,Littorine,23-Mar-19,8,0.0001,0.4423,0.05,0.0062,0.0061,3,18,0.00194629,3%,1.21E-05,0.99,0.05677093,0.000346303,0.000334236,0.020054141,0.40108281,6.15,19:13:50,19:35:40,8,Littorine_TP08_18C_23March2019.csv,,0:21:50,
Littorine08,19-Mar,Littorine,23-Mar-19,8,0.0001,0.4423,0.05,0.0062,0.0061,3,26,0.004537509,6%,2.81E-05,0.99,0.07893071,0.000481477,0.000453345,0.027200687,0.54401373,5.371,22:04:49,22:27:02,8,Littorine_TP08_26C_23March2019.csv,,0:22:13,
Littorine09,19-Mar,Littorine,23-Mar-19,9,0.0001,0.4061,0.03,0.0062,0.0061,3,10,0.008566027,21%,0.000053109,0.94,0.0417982,0.000254969,0.00020186,0.012111579,0.403719305,7.557,16:21:35,16:56:23,1,Littorine_TP09_10C_23March2019.csv,,0:34:48,
Littorine09,19-Mar,Littorine,23-Mar-19,9,0.0001,0.4061,0.03,0.0062,0.0061,3,18,0.00194629,2%,1.21E-05,0.99,0.08642041,0.000527165,0.000515098,0.03090585,1.030195006,5.721,19:13:50,19:35:40,1,Littorine_TP09_18C_23March2019.csv,,0:21:50,
Littorine09,19-Mar,Littorine,23-Mar-19,9,0.0001,0.4061,0.03,0.0062,0.0061,3,26,0.004537509,4%,2.81E-05,0.99,0.117749,0.000718269,0.000690136,0.041408181,1.380272688,4.854,22:04:49,22:17:07,1,Littorine_TP09_26C_23March2019.csv,,0:12:18,
Littorine16,19-Mar,Littorine,23-Mar-19,16,0.0002,1.0011,0.05,0.0062,0.006,3,10,0.008566027,11%,0.000053109,0.99,0.08254098,0.000495246,0.000442137,0.026528191,0.530563815,5.925,16:21:35,16:56:23,9,Littorine_TP16_10C_23March2019.csv,,0:34:48,
Littorine16,19-Mar,Littorine,23-Mar-19,16,0.0002,1.0011,0.05,0.0062,0.006,3,18,0.00194629,1%,1.21E-05,0.99,0.1468488,0.000881093,0.000869026,0.052141548,1.042830962,5.475,19:13:50,19:28:12,9,Littorine_TP16_18C_23March2019.csv,,0:14:22,
Littorine16,19-Mar,Littorine,23-Mar-19,16,0.0002,1.0011,0.05,0.0062,0.006,3,26,0.004537509,4%,2.81E-05,0.98,0.1309214,0.000785528,0.000757396,0.045443751,0.908875013,3.897,22:04:49,22:27:02,9,Littorine_TP16_26C_23March2019.csv,,0:22:13,
Littorine26,19-Mar,Littorine,23-Mar-19,26,0.0001,0.6798,0.03,0.0062,0.0061,3,10,0.008566027,14%,0.000053109,0.97,0.06318307,0.000385417,0.000332307,0.019938442,0.664614719,6.473,16:21:35,16:56:23,6,Littorine_TP26_10C_23March2019.csv,,0:34:48,
Littorine26,19-Mar,Littorine,23-Mar-19,26,0.0001,0.6798,0.03,0.0062,0.0061,3,18,0.00194629,3%,1.21E-05,0.98,0.07261273,0.000442938,0.000430871,0.025852239,0.86174131,5.782,19:13:50,19:34:34,6,Littorine_TP26_18C_23March2019.csv,,0:20:44,
Littorine26,19-Mar,Littorine,23-Mar-19,26,0.0001,0.6798,0.03,0.0062,0.0061,3,26,0.004537509,6%,2.81E-05,0.99,0.07630478,0.000465459,0.000437327,0.026239596,0.874653204,5.031,22:04:49,22:27:02,6,Littorine_TP26_26C_23March2019.csv,,0:22:13,
Littorine29,19-Mar,Littorine,23-Mar-19,29,0.0001,0.477,0.04,0.0062,0.0061,3,10,0.008566027,12%,0.000053109,0.99,0.07535719,0.000459679,0.000406569,0.024394169,0.609854237,5.928,16:21:35,16:56:23,3,Littorine_TP29_10C_23March2019.csv,,0:34:48,
Littorine29,19-Mar,Littorine,23-Mar-19,29,0.0001,0.477,0.04,0.0062,0.0061,3,18,0.00194629,1%,1.21E-05,0.98,0.2640596,0.001610764,0.001598697,0.095921794,2.398044843,5.277,19:13:50,19:20:27,3,Littorine_TP29_18C_23March2019.csv,,0:06:37,
Littorine29,19-Mar,Littorine,23-Mar-19,29,0.0001,0.477,0.04,0.0062,0.0061,3,26,0.004537509,5%,2.81E-05,0.99,0.1020862,0.000622726,0.000594593,0.035675596,0.891889896,4.042,22:04:49,22:27:02,3,Littorine_TP29_26C_23March2019.csv,,0:22:13,
Littorine35,19-Mar,Littorine,23-Mar-19,35,0.00018,0.8623,0.05,0.0062,0.00602,3,10,0.008566027,13%,0.000053109,0.98,0.06694158,0.000402988,0.000349879,0.020992737,0.419854733,6.296,16:21:35,16:56:23,10,Littorine_TP35_10C_23March2019.csv,,0:34:48,
Littorine35,19-Mar,Littorine,23-Mar-19,35,0.00018,0.8623,0.05,0.0062,0.00602,3,18,0.00194629,1%,1.21E-05,0.92,0.3321586,0.001999595,0.001987528,0.119251666,2.385033329,5.769,19:13:50,19:19:57,10,Littorine_TP35_18C_23March2019.csv,,0:06:07,
Littorine35,19-Mar,Littorine,23-Mar-19,35,0.00018,0.8623,0.05,0.0062,0.00602,3,26,0.004537509,3%,2.81E-05,0.99,0.1679266,0.001010918,0.000982786,0.058967135,1.179342691,3.795,22:04:49,22:17:07,10,Littorine_TP35_26C_23March2019.csv,,0:12:18,
Littorine07,19-Mar,Littorine,25-Mar-19,7,0.0001,0.7295,0.05,0.0062,0.0061,1,10,0.003171619,4%,0.000019664,0.96,0.08892298,0.00054243,0.000522766,0.031365968,0.627319368,7.122,14:33:26,15:03:33,2,Littorine_TP07_10C_25March2019.csv,,0:30:07,
Littorine07,19-Mar,Littorine,25-Mar-19,7,0.0001,0.7295,0.05,0.0062,0.0061,1,18,0.002888053,2%,1.79E-05,0.99,0.1208927,0.000737445,0.000719539,0.043172344,0.863446886,5.677,17:48:16,18:05:01,2,Littorine_TP07_18C_25March2019.csv,,0:16:45,
Littorine07,19-Mar,Littorine,25-Mar-19,7,0.0001,0.7295,0.05,0.0062,0.0061,1,26,0.004711195,3%,0.000029209,0.98,0.1770197,0.00107982,0.001050611,0.063036646,1.260732913,5.233,21:20:41,21:30:35,2,Littorine_TP07_26C_25March2019.csv,,0:09:54,
Littorine10,19-Mar,Littorine,25-Mar-19,10,0.00008,0.3818,0.02,0.0062,0.00612,1,10,0.003171619,5%,0.000019664,0.99,0.06667329,0.000408041,0.000388376,0.02330259,1.165129491,7.154,14:33:26,15:10:27,8,Littorine_T10_10C_25March2019.csv,,0:37:01,
Littorine10,19-Mar,Littorine,25-Mar-19,10,0.00008,0.3818,0.05,0.0062,0.00612,1,18,0.002888053,2%,1.79E-05,0.98,0.1212878,0.000742281,0.000724375,0.043462504,0.869250086,6.487,17:48:16,18:05:23,8,Littorine_T10_18C_25March2019.csv,,0:17:07,
Littorine10,19-Mar,Littorine,25-Mar-19,10,0.00008,0.3818,0.02,0.0062,0.00612,1,26,0.004711195,5%,0.000029209,0.99,0.09693134,0.00059322,0.00056401,0.033840624,1.692031175,5.417,21:20:41,21:38:17,8,Littorine_T10_25C_25March2019.csv,,0:17:36,
Littorine11,19-Mar,Littorine,25-Mar-19,11,0.00009,0.5999,0.04,0.0062,0.00611,1,10,0.003171619,4%,0.000019664,0.99,0.08890542,0.000543212,0.000523548,0.031412885,0.785322118,6.975,14:33:26,14:53:55,6,Littorine_TP11_10C_25March2019.csv,,0:20:29,
Littorine11,19-Mar,Littorine,25-Mar-19,11,0.00009,0.5999,0.04,0.0062,0.00611,1,18,0.002888053,2%,1.79E-05,0.98,0.17084,0.001043832,0.001025926,0.061555564,1.538889107,6.017,17:48:16,18:04:56,6,Littorine_TP11_18C_25March2019.csv,,0:16:40,
Littorine11,19-Mar,Littorine,25-Mar-19,11,0.00009,0.5999,0.04,0.0062,0.00611,1,26,0.004711195,3%,0.000029209,0.99,0.1441303,0.000880636,0.000851427,0.051085603,1.277140086,5.104,21:20:41,21:34:59,6,Littorine_TP11_26C_25March2019.csv,,0:14:18,
Littorine13,19-Mar,Littorine,25-Mar-19,13,0.0001,0.6857,0.05,0.0062,0.0061,1,10,0.003171619,2%,0.000019664,0.93,0.1394978,0.000850937,0.000831273,0.049876353,0.997527051,5.938,14:33:26,14:44:19,1,Littorine_TP13_10C_25March2019.csv,,0:10:53,
Littorine13,19-Mar,Littorine,25-Mar-19,13,0.0001,0.6857,0.05,0.0062,0.0061,1,18,0.002888053,4%,1.79E-05,0.99,0.08347895,0.000509222,0.000491316,0.029478964,0.589579286,6.766,17:48:16,18:12:14,1,Littorine_TP13_18C_25March2019.csv,,0:23:58,
Littorine13,19-Mar,Littorine,25-Mar-19,13,0.0001,0.6857,0.05,0.0062,0.0061,1,26,0.004711195,4%,0.000029209,0.99,0.1344575,0.000820191,0.000790981,0.04745888,0.949177609,5.434,21:20:41,21:34:50,1,Littorine_TP13_26C_25March2019.csv,,0:14:09,
Littorine21,19-Mar,Littorine,25-Mar-19,21,0.0001,0.8286,0.05,0.0062,0.0061,1,10,0.003171619,3%,0.000019664,0.98,0.1034094,0.000630797,0.000611133,0.036667998,0.733359963,7.53,14:33:26,14:54:01,9,Littorine_TP21_10C_25March2019.csv,,0:20:35,
Littorine21,19-Mar,Littorine,25-Mar-19,21,0.0001,0.8286,0.05,0.0062,0.0061,1,18,0.002888053,2%,1.79E-05,0.98,0.1635357,0.000997568,0.000979662,0.058779724,1.175594486,5.965,17:48:16,18:05:32,9,Littorine_TP21_18C_25March2019.csv,,0:17:16,
Littorine21,19-Mar,Littorine,25-Mar-19,21,0.0001,0.8286,0.05,0.0062,0.0061,1,26,0.004711195,3%,0.000029209,0.99,0.1716662,0.001047164,0.001017954,0.061077265,1.221545293,5.054,21:20:41,21:30:11,9,Littorine_TP21_26C_25March2019.csv,,0:09:30,
Littorine30,19-Mar,Littorine,25-Mar-19,30,0.00009,0.5396,0.03,0.0062,0.00611,1,10,0.003171619,3%,0.000019664,0.96,0.09563425,0.000584325,0.000564661,0.033879674,1.129322459,5.118,14:33:26,14:48:25,4,Littorine_TP30_10C_25March2019.csv,,0:14:59,
Littorine30,19-Mar,Littorine,25-Mar-19,30,0.00009,0.5396,0.03,0.0062,0.00611,1,18,0.002888053,4%,1.79E-05,0.99,0.06821095,0.000416769,0.000398863,0.023931784,0.797726143,6.681,17:48:16,18:15:29,4,Littorine_TP30_18C_25March2019.csv,,0:27:13,
Littorine30,19-Mar,Littorine,25-Mar-19,30,0.00009,0.5396,0.03,0.0062,0.00611,1,26,0.004711195,7%,0.000029209,0.99,0.06516578,0.000398163,0.000368954,0.02213721,0.737907014,5.254,21:20:41,21:51:23,4,Littorine_TP30_26C_25March2019.csv,,0:30:42,
Littorine31,19-Mar,Littorine,25-Mar-19,31,0.00008,0.2654,0.01,0.0062,0.00612,1,10,0.003171619,8%,0.000019664,0.97,0.03811385,0.000233257,0.000213593,0.012815563,1.281556345,7.961,14:33:26,15:24:45,3,Littorine_TP31_10C_25March2019.csv,,0:51:19,
Littorine31,19-Mar,Littorine,25-Mar-19,31,0.00008,0.2654,0.01,0.0062,0.00612,1,18,0.002888053,6%,1.79E-05,0.98,0.0469665,0.000287435,0.000269529,0.016171744,1.617174428,6.685,17:48:16,18:27:38,3,Littorine_TP31_18C_25March2019.csv,,0:39:22,
Littorine31,19-Mar,Littorine,25-Mar-19,31,0.00008,0.2654,0.01,0.0062,0.00612,1,26,0.004711195,10%,0.000029209,0.99,0.04687725,0.000286889,0.000257679,0.015460762,1.546076166,5.711,21:20:41,21:56:17,3,Littorine_TP31_26C_25March2019.csv,,0:35:36,
Littorine33,19-Mar,Littorine,25-Mar-19,33,0.00008,0.5373,0.03,0.0062,0.00612,1,10,0.003171619,8%,0.000019664,0.99,0.03811385,0.000233257,0.000213593,0.012815563,0.427185448,7.217,14:33:26,15:01:37,10,Littorine_TP33_10C_25March2019.csv,,0:28:11,
Littorine33,19-Mar,Littorine,25-Mar-19,33,0.00008,0.5373,0.03,0.0062,0.00612,1,18,0.002888053,3%,1.79E-05,0.94,0.1047086,0.000640817,0.000622911,0.037374664,1.245822143,6.954,17:48:16,18:05:41,10,Littorine_TP33_18C_25March2019.csv,,0:17:25,
Littorine33,19-Mar,Littorine,25-Mar-19,33,0.00008,0.5373,0.03,0.0062,0.00612,1,26,0.004711195,5%,0.000029209,0.99,0.09497515,0.000581248,0.000552039,0.033122311,1.104077018,5.522,21:20:41,21:38:26,10,Littorine_TP33_26C_25March2019.csv,,0:17:45,
Littorine15,19-Mar,Littorine,27-Mar-19,15,0.0001,0.5767,0.06,0.0062,0.0061,2,10,0.003254193,4%,0.000020176,0.99,0.08714052,0.000531557,0.000511381,0.030682871,0.511381175,7.577,12:46:14,13:10:15,2,Littorine_TP15_10C_27March2019.csv,,0:24:01,
Littorine15,19-Mar,Littorine,27-Mar-19,15,0.0001,0.5767,0.06,0.0062,0.0061,2,18,0.008782399,6%,0.000054451,0.98,0.1437725,0.000877012,0.000822561,0.049353683,0.822561376,7.166,16:27:57,16:42:33,2,Littorine_TP15_18C_27March2019.csv,,0:14:36,
Littorine15,19-Mar,Littorine,27-Mar-19,15,0.0001,0.5767,0.06,0.0062,0.0061,2,26,0.000507917,0%,0.000003149,0.99,0.1114461,0.000679821,0.000676672,0.040600328,0.676672126,5.962,18:55:18,19:08:57,2,Littorine_TP15_26C_27March2019.csv,,0:13:39,
Littorine20,19-Mar,Littorine,27-Mar-19,20,0.00007,0.3791,0.02,0.0062,0.00613,2,10,0.003254193,5%,0.000020176,0.99,0.07297444,0.000447333,0.000427157,0.025629439,1.281471962,7.798,12:46:14,13:13:32,3,Littorine_TP20_10C_27March2019.csv,,0:27:18,
Littorine20,19-Mar,Littorine,27-Mar-19,20,0.00007,0.3791,0.02,0.0062,0.00613,2,18,0.008782399,7%,0.000054451,0.99,0.1326106,0.000812903,0.000758452,0.045507126,2.275356313,6.745,16:27:57,16:42:18,3,Littorine_TP20_18C_27March2019.csv,,0:14:21,
Littorine20,19-Mar,Littorine,27-Mar-19,20,0.00007,0.3791,0.02,0.0062,0.00613,2,26,0.000507917,0%,0.000003149,0.99,0.1388137,0.000850928,0.000847779,0.050866734,2.543336692,5.82,18:55:18,19:09:03,3,Littorine_TP20_26C_27March2019.csv,,0:13:45,
Littorine27,19-Mar,Littorine,27-Mar-19,27,0.0001,0.6372,0.03,0.0062,0.0061,2,10,0.003254193,4%,0.000020176,0.97,0.08823222,0.000538217,0.000518041,0.031082433,1.036081091,7.124,12:56:57,13:25:05,6,Littorine_TP27_10C_27March2019.csv,,0:28:08,
Littorine27,19-Mar,Littorine,27-Mar-19,27,0.0001,0.6372,0.03,0.0062,0.0061,2,18,0.008782399,6%,0.000054451,0.99,0.160659,0.00098002,0.000925569,0.055534142,1.851138052,6.889,16:27:57,16:42:06,6,Littorine_TP27_18C_27March2019.csv,,0:14:09,
Littorine27,19-Mar,Littorine,27-Mar-19,27,0.0001,0.6372,0.03,0.0062,0.0061,2,26,0.000507917,0%,0.000003149,0.99,0.1445455,0.000881728,0.000878578,0.052714708,1.757156933,5.81,18:55:18,19:09:09,6,Littorine_TP27_26C_27March2019.csv,,0:13:51,
Littorine28,19-Mar,Littorine,27-Mar-19,28,0.00008,0.51163,0.02,0.0062,0.00612,2,10,0.003254193,3%,0.000020176,0.99,0.1004472,0.000614737,0.000594561,0.035673652,1.783682602,7.331,12:46:14,13:11:13,5,Littorine_TP28_10C_27March2019.csv,,0:24:59,
Littorine28,19-Mar,Littorine,27-Mar-19,28,0.00008,0.51163,0.02,0.0062,0.00612,2,18,0.008782399,7%,0.000054451,0.99,0.1254827,0.000767954,0.000713503,0.042810195,2.140509751,6.888,16:27:57,16:45:57,5,Littorine_TP28_18C_27March2019.csv,,0:18:00,
Littorine28,19-Mar,Littorine,27-Mar-19,28,0.00008,0.51163,0.02,0.0062,0.00612,2,26,0.000507917,0%,0.000003149,0.99,0.1328273,0.000812903,0.000809754,0.04858524,2.429261977,5.809,18:55:18,19:09:06,5,Littorine_TP28_26C_27March2019.csv,,0:13:48,
Littorine36,19-Mar,Littorine,27-Mar-19,36,0.0001,0.85117,0.05,0.0062,0.0061,2,10,0.003254193,18%,0.000020176,0.95,0.01824354,0.000111286,0.00009111,0.005466576,0.109331517,8.602,12:46:14,13:55:32,1,Littorine_TP36_10C_27March2019.csv,,1:09:18,
Littorine36,19-Mar,Littorine,27-Mar-19,36,0.0001,0.85117,0.05,0.0062,0.0061,2,18,0.008782399,14%,0.000054451,0.99,0.06326472,0.000385915,0.000331464,0.019887835,0.397756702,7.161,16:27:57,16:55:30,1,Littorine_TP36_18C_27March2019.csv,,0:27:33,
Littorine36,19-Mar,Littorine,27-Mar-19,36,0.0001,0.85117,0.05,0.0062,0.0061,2,26,0.000507917,1%,0.000003149,0.96,0.04098571,0.000250013,0.000246864,0.014811825,0.296236497,6.086,18:55:18,19:33:39,1,Littorine_TP36_26C_27March2019.csv,,0:38:21,
Mussel05,19-Mar,Mussel,28-Mar-19,5,0.0002,1.0359,0.03,0.005,0.0048,1,10,0.00746914,11%,3.73E-05,0.99,0.07385363,0.000354497,0.000317152,0.019029103,0.634303433,7.694,14:52:05,15:22:11,10,Mussel_TP05_10C_28March2019.csv,,0:30:06,
Mussel05,19-Mar,Mussel,28-Mar-19,5,0.00019,1.0359,0.03,0.005,0.00481,1,18,0.008463644,5%,4.23E-05,0.99,0.1716139,0.000825463,0.000783145,0.046988678,1.566289267,5.144,17:56:24,18:15:52,10,Mussel_TP05_18C_28March2019.csv,,0:19:28,
Mussel05,19-Mar,Mussel,28-Mar-19,5,0.00019,1.0359,0.03,0.005,0.00481,1,26,0.009663924,8%,4.83E-05,0.99,0.1325582,0.000637605,0.000589285,0.035357119,1.178570633,4.699,20:41:48,20:59:54,10,Mussel_TP05_26C_28March2019.csv,,0:18:06,
Mussel08,19-Mar,Mussel,28-Mar-19,8,0.00019,0.9815,0.02,0.005,0.00481,1,10,0.00746914,18%,3.73E-05,0.99,0.04251761,0.00020451,0.000167164,0.01002984,0.501492,7.681,14:52:05,15:39:14,9,Mussel_TP08_10C_28March2019.csv,,0:47:09,
Mussel08,19-Mar,Mussel,28-Mar-19,8,0.0002,0.9815,0.02,0.005,0.0048,1,18,0.008463644,10%,4.23E-05,0.99,0.0897495,0.000430798,0.000388479,0.023308763,1.16543815,6.021,17:56:24,18:22:43,9,Mussel_TP08_18C_28March2019.csv,,0:26:19,
Mussel08,19-Mar,Mussel,28-Mar-19,8,0.0002,0.9815,0.02,0.005,0.0048,1,26,0.009663924,10%,4.83E-05,0.99,0.1018407,0.000488835,0.000440516,0.026430944,1.3215472,4.931,20:41:48,20:59:51,9,Mussel_TP08_26C_28March2019.csv,,0:18:03,
Mussel09,19-Mar,Mussel,28-Mar-19,9,0.00018,1.049,0.04,0.005,0.00482,1,10,0.00746914,9%,3.73E-05,0.99,0.08460509,0.000407797,0.000370451,0.02222705,0.55567625,7.342,14:52:05,15:12:32,4,Mussel_TP09_10C_28March2019.csv,,0:20:27,
Mussel09,19-Mar,Mussel,28-Mar-19,9,0.00018,1.049,0.04,0.005,0.00482,1,18,0.008463644,7%,4.23E-05,0.99,0.1239511,0.000597444,0.000555126,0.033307565,0.832689125,6.063,17:56:24,18:15:13,4,Mussel_TP09_18C_28March2019.csv,,0:18:49,
Mussel09,19-Mar,Mussel,28-Mar-19,9,0.00018,1.049,0.04,0.005,0.00482,1,26,0.009663924,39%,4.83E-05,0.99,0.02593628,0.000125013,7.67E-05,0.004601595,0.115039875,6.001,20:53:24,21:17:33,4,Mussel_TP09_26C_28March2019.csv,,0:24:09,
Mussel13,19-Mar,Mussel,28-Mar-19,13,0.00019,1.3003,0.04,0.005,0.00481,1,10,0.00746914,7%,3.73E-05,0.99,0.1086783,0.000522743,0.000485397,0.029123815,0.728095375,7.443,14:52:05,15:12:32,5,Mussel_TP13_10C_28March2019.csv,,0:20:27,
Mussel13,19-Mar,Mussel,28-Mar-19,13,0.00019,1.3003,0.04,0.005,0.00481,1,18,0.008463644,5%,4.23E-05,0.99,0.170917,0.000822111,0.000779793,0.046787553,1.169688825,4.93,17:56:24,18:15:19,5,Mussel_TP13_18C_28March2019.csv,,0:18:55,
Mussel13,19-Mar,Mussel,28-Mar-19,13,0.00019,1.3003,0.04,0.005,0.00481,1,26,0.009663924,11%,4.83E-05,0.99,0.09516612,0.000457749,0.000409429,0.024565765,0.614144125,5.013,20:41:48,20:59:33,5,Mussel_TP13_26C_28March2019.csv,,0:17:45,
Mussel15,19-Mar,Mussel,28-Mar-19,15,0.0002,0.8479,0.05,0.005,0.0048,1,10,0.00746914,10%,3.73E-05,0.99,0.08020032,0.000384962,0.000347616,0.02085695,0.417139,7.53,14:52:05,15:19:17,3,Mussel_TP15_10C_28March2019.csv,,0:27:12,
Mussel15,19-Mar,Mussel,28-Mar-19,15,0.0002,0.8479,0.05,0.005,0.0048,1,18,0.008463644,7%,4.23E-05,0.99,0.1236726,0.000593628,0.00055131,0.033078616,0.66157232,5.987,17:56:24,18:15:07,3,Mussel_TP15_18C_28March2019.csv,,0:18:43,
Mussel15,19-Mar,Mussel,28-Mar-19,15,0.0002,0.8479,0.05,0.005,0.0048,1,26,0.009663924,12%,4.83E-05,0.98,0.08264471,0.000396695,0.000348375,0.020902499,0.41804998,5.542,20:41:48,20:59:24,3,Mussel_TP15_26C_28March2019.csv,,0:17:36,
Mussel16,19-Mar,Mussel,28-Mar-19,16,0.00017,0.8704,0.02,0.005,0.00483,1,10,0.00746914,8%,3.73E-05,0.99,0.1028515,0.000496773,0.000459427,0.027565623,1.37828115,7.342,14:52:05,15:12:38,6,Mussel_TP16_10C_28March2019.csv,,0:20:33,
Mussel16,19-Mar,Mussel,28-Mar-19,16,0.00017,0.8704,0.02,0.005,0.00483,1,18,0.008463644,6%,4.23E-05,0.99,0.1375828,0.000664525,0.000622207,0.037332402,1.8666201,5.913,17:56:24,18:15:28,6,Mussel_TP16_18C_28March2019.csv,,0:19:04,
Mussel16,19-Mar,Mussel,28-Mar-19,16,0.00017,0.8704,0.02,0.005,0.00483,1,26,0.009663924,8%,4.83E-05,0.99,0.1258468,0.00060784,0.00055952,0.033571225,1.67856125,4.9,20:41:48,20:59:39,6,Mussel_TP16_26C_28March2019.csv,,0:17:51,
Mussel31,19-Mar,Mussel,28-Mar-19,31,0.00019,1.1531,0.03,0.005,0.00481,1,10,0.00746914,13%,3.73E-05,0.99,0.06049164,0.000290965,0.000253619,0.015217145,0.507238167,7.636,14:52:05,15:23:35,8,Mussel_TP31_10C_28March2019.csv,,0:31:30,
Mussel31,19-Mar,Mussel,28-Mar-19,31,0.00019,1.1531,0.03,0.005,0.00481,1,18,0.008463644,10%,4.23E-05,0.99,0.09085336,0.000437005,0.000394686,0.023681186,0.789372867,5.842,17:56:24,18:22:43,8,Mussel_TP31_18C_28March2019.csv,,0:26:19,
Mussel31,19-Mar,Mussel,28-Mar-19,31,0.00019,1.1531,0.03,0.005,0.00481,1,26,0.009663924,10%,4.83E-05,0.99,0.1044882,0.000502588,0.000454269,0.027256117,0.908537233,4.832,20:41:48,20:59:45,8,Mussel_TP31_26C_28March2019.csv,,0:17:57,
Mussel35,19-Mar,Mussel,28-Mar-19,35,0.00018,1.114,0.05,0.005,0.00482,1,10,0.00746914,12%,3.73E-05,0.99,0.06552451,0.000315828,0.000278482,0.016708946,0.33417892,7.898,14:52:05,15:25:29,2,Mussel_TP35_10C_28March2019.csv,,0:33:24,
Mussel35,19-Mar,Mussel,28-Mar-19,35,0.00018,1.114,0.05,0.005,0.00482,1,18,0.008463644,5%,4.23E-05,0.99,0.1654952,0.000797687,0.000755369,0.045322119,0.90644238,5.099,17:56:24,18:15:01,2,Mussel_TP35_18C_28March2019.csv,,0:18:37,
Mussel35,19-Mar,Mussel,28-Mar-19,35,0.00018,1.114,0.05,0.005,0.00482,1,26,0.009663924,8%,4.83E-05,0.99,0.1238908,0.000597154,0.000548834,0.032930042,0.65860084,4.967,20:41:48,20:59:15,2,Mussel_TP35_26C_28March2019.csv,,0:17:27,
Mussel10,19-Mar,Mussel,29-Mar-19,10,0.0002,1.0226,0.04,0.005,0.0048,2,10,0.006214858,9%,3.11E-05,0.99,0.07609714,0.000365266,0.000334192,0.020051519,0.501287975,7.368,13:26:46,13:58:11,8,Mussel_TP10_10C_29March2019.csv,,0:31:25,
Mussel10,19-Mar,Mussel,29-Mar-19,10,0.0002,1.0226,0.04,0.005,0.0048,2,18,0.01176225,7%,5.88E-05,0.99,0.1651207,0.000792579,0.000733768,0.044026087,1.100652175,6.026,16:43:06,16:52:40,8,Mussel_TP10_18C_29March2019.csv,,0:09:34,
Mussel10,19-Mar,Mussel,29-Mar-19,10,0.0002,1.0226,0.04,0.005,0.0048,2,26,0.01129679,10%,5.65E-05,0.99,0.1126825,0.000540876,0.000484392,0.029063523,0.726588075,5.402,19:22:10,19:35:29,8,Mussel_TP10_26C_29March2019.csv,,0:13:19,
Mussel11,19-Mar,Mussel,29-Mar-19,11,0.00025,1.4492,0.03,0.005,0.00475,2,10,0.006214858,10%,3.11E-05,0.99,0.06480274,0.000307813,0.000276739,0.016604324,0.553477467,7.694,13:26:46,13:58:35,1,Mussel_TP11_10C_29March2019.csv,,0:31:49,
Mussel11,19-Mar,Mussel,29-Mar-19,11,0.00025,1.4492,0.03,0.005,0.00475,2,18,0.01176225,8%,5.88E-05,0.99,0.1568909,0.000745232,0.000686421,0.041185232,1.372841067,5.606,16:43:06,16:59:34,1,Mussel_TP11_18C_29March2019.csv,,0:16:28,
Mussel11,19-Mar,Mussel,29-Mar-19,11,0.00025,1.4492,0.03,0.005,0.00475,2,26,0.01129679,6%,5.65E-05,0.99,0.1911444,0.000907936,0.000851452,0.051087117,1.7029039,4.825,19:22:10,19:32:29,1,Mussel_TP11_26C_29March2019.csv,,0:10:19,
Mussel27,19-Mar,Mussel,29-Mar-19,27,0.00021,1.4262,0.04,0.005,0.00479,2,10,0.006214858,17%,3.11E-05,0.99,0.03838239,0.000183852,0.000152777,0.009166641,0.229166025,7.422,13:26:46,14:18:32,2,Mussel_TP27_10C_29March2019.csv,,0:51:46,
Mussel27,19-Mar,Mussel,29-Mar-19,27,0.00021,1.4262,0.04,0.005,0.00479,2,18,0.01176225,10%,5.88E-05,0.99,0.12676,0.00060718,0.000548369,0.032902149,0.822553725,5.882,16:43:06,16:59:34,2,Mussel_TP27_18C_29March2019.csv,,0:16:28,
Mussel27,19-Mar,Mussel,29-Mar-19,27,0.00021,1.4262,0.04,0.005,0.00479,2,26,0.01129679,10%,5.65E-05,0.99,0.117045,0.000560646,0.000504162,0.030249696,0.7562424,5.375,19:22:10,19:35:29,2,Mussel_TP27_26C_29March2019.csv,,0:13:19,
Mussel28,19-Mar,Mussel,29-Mar-19,28,0.0002,1.513,0.03,0.005,0.0048,2,10,0.006214858,7%,3.11E-05,0.99,0.08723657,0.000418736,0.000387661,0.023259675,0.7753225,6.761,13:26:46,13:58:06,9,Mussel_TP28_10C_29March2019.csv,,0:31:20,
Mussel28,19-Mar,Mussel,29-Mar-19,28,0.0002,1.513,0.03,0.005,0.0048,2,18,0.01176225,4%,5.88E-05,0.99,0.3141474,0.001507908,0.001449096,0.086945776,2.898192533,5.2,16:43:06,16:52:34,9,Mussel_TP28_18C_29March2019.csv,,0:09:28,
Mussel28,19-Mar,Mussel,29-Mar-19,28,0.0002,1.513,0.03,0.005,0.0048,2,26,0.01129679,6%,5.65E-05,0.99,0.2100319,0.001008153,0.000951669,0.05710015,1.903338333,3.919,19:22:10,19:32:11,9,Mussel_TP28_26C_29March2019.csv,,0:10:01,
Mussel3,19-Mar,Mussel,29-Mar-19,3,0.0002,1.23,0.06,0.005,0.0048,2,10,0.006214858,8%,3.11E-05,0.99,0.07853773,0.000376981,0.000345907,0.020754409,0.345906817,7.339,13:26:46,13:57:59,10,Mussel_TP03_10C_29March2019.csv,,0:31:13,
Mussel3,19-Mar,Mussel,29-Mar-19,3,0.0002,1.23,0.06,0.005,0.0048,2,18,0.01176225,10%,5.88E-05,0.99,0.1254169,0.000602001,0.00054319,0.032591392,0.543189867,5.975,16:43:06,16:59:34,10,Mussel_TP03_18C_29March2019.csv,,0:16:28,
Mussel3,19-Mar,Mussel,29-Mar-19,3,0.0002,1.23,0.06,0.005,0.0048,2,26,0.01129679,9%,5.65E-05,0.99,0.1319422,0.000633323,0.000576839,0.034610317,0.576838617,4.665,19:22:10,19:32:08,10,Mussel_TP03_26C_29March2019.csv,,0:09:58,
Mussel33,19-Mar,Mussel,29-Mar-19,33,0.0002,1.2414,0.04,0.005,0.0048,2,10,0.006214858,15%,3.11E-05,0.99,0.0429737,0.000206274,0.000175199,0.010511968,0.2627992,7.33,13:26:46,14:18:32,4,Mussel_TP33_10C_29March2019.csv,,0:51:46,
Mussel33,19-Mar,Mussel,29-Mar-19,33,0.0002,1.2414,0.04,0.005,0.0048,2,18,0.01176225,9%,5.88E-05,0.99,0.1289487,0.000618954,0.000560143,0.033608551,0.840213775,5.845,16:43:06,16:59:34,4,Mussel_TP33_18C_29March2019.csv,,0:16:28,
Mussel33,19-Mar,Mussel,29-Mar-19,33,0.0002,1.2414,0.04,0.005,0.0048,2,26,0.01129679,9%,5.65E-05,0.99,0.1295746,0.000621958,0.000565474,0.033928448,0.8482112,5.198,19:22:10,19:35:29,4,Mussel_TP33_26C_29March2019.csv,,0:13:19,
Mussel36,19-Mar,Mussel,29-Mar-19,36,0.0002,1.6553,0.04,0.005,0.0048,2,10,0.006214858,17%,3.11E-05,0.97,0.03805325,0.000182656,0.000151581,0.009094879,0.227371975,7.822,13:26:46,14:18:32,6,Mussel_TP36_10C_29March2019.csv,,0:51:46,
Mussel36,19-Mar,Mussel,29-Mar-19,36,0.0002,1.6553,0.04,0.005,0.0048,2,18,0.01176225,6%,5.88E-05,0.99,0.2151826,0.001032876,0.000974065,0.058443914,1.46109785,6.269,16:43:06,16:52:49,6,Mussel_TP36_18C_29March2019.csv,,0:09:43,
Mussel36,19-Mar,Mussel,29-Mar-19,36,0.0002,1.6553,0.04,0.005,0.0048,2,26,0.01129679,7%,5.65E-05,0.99,0.1664043,0.000798741,0.000742257,0.044535401,1.113385025,5.166,19:22:10,19:32:20,6,Mussel_TP36_26C_29March2019.csv,,0:10:10,
Mussel7,19-Mar,Mussel,29-Mar-19,7,0.00019,1.4471,0.03,0.005,0.00481,2,10,0.006214858,13%,3.11E-05,0.99,0.04980402,0.000239557,0.000208483,0.012508983,0.4169661,7.288,13:26:46,14:18:32,5,Mussel_TP07_10C_29March2019.csv,,0:51:46,
Mussel7,19-Mar,Mussel,29-Mar-19,7,0.00019,1.4471,0.03,0.005,0.00481,2,18,0.01176225,6%,5.88E-05,0.99,0.1921839,0.000924405,0.000865593,0.051935599,1.731186633,6.065,16:43:06,16:52:55,5,Mussel_TP07_18C_29March2019.csv,,0:09:49,
Mussel7,19-Mar,Mussel,29-Mar-19,7,0.00019,1.4471,0.03,0.005,0.00481,2,26,0.01129679,9%,5.65E-05,0.91,0.1303112,0.000626797,0.000570313,0.034218775,1.140625833,5.361,19:22:10,19:35:29,5,Mussel_TP07_26C_29March2019.csv,,0:13:19,
Hermit10,19-Mar,Hermit,30-Mar-19,10,0.00019,0.19,0.08,0.0116,0.01141,1,10,0.003437721,3%,0.00003988,0.99,0.1228146,0.001401315,0.001361,0.081686,1.021075,6.184,15:00:44,15:20:55,5,Hermit_TP10_10C_30March2019.csv,,0:20:11,
Hermit10,19-Mar,Hermit,30-Mar-19,10,0.00019,0.19,0.08,0.0116,0.01141,1,18,0.00688296,5%,0.00007984,0.99,0.1472708,0.00168036,0.001601,0.096031,1.20039,6.107,18:02:02,18:18:05,5,Hermit_TP10_18C_30March2019.csv,,0:16:03,
Hermit10,19-Mar,Hermit,30-Mar-19,10,0.00019,0.19,0.08,0.0116,0.01141,1,26,0.006178795,4%,0.00007167,0.93,0.1718879,0.001961241,0.00189,0.113374,1.417175,4.679,20:38:42,20:49:40,5,Hermit_TP10_26C_30March2019.csv,,0:10:58,
Hermit16,19-Mar,Hermit,30-Mar-19,16,0.00008,0.19,0.13,0.0116,0.01152,1,10,0.003437721,4%,0.00003988,0.98,0.09732691,0.001121206,0.001081,0.06488,0.499076923,6.624,15:00:44,15:21:07,8,Hermit_TP16_10C_30March2019.csv,,0:20:23,
Hermit16,19-Mar,Hermit,30-Mar-19,16,0.00008,0.19,0.13,0.0116,0.01152,1,18,0.00688296,6%,0.00007984,0.99,0.1258951,0.001450312,0.00137,0.082228,0.63252,5.904,18:03:14,18:17:56,8,Hermit_TP16_18C_30March2019.csv,,0:14:42,
Hermit16,19-Mar,Hermit,30-Mar-19,16,0.00008,0.19,0.13,0.0116,0.01152,1,26,0.006178795,3%,0.00007167,0.99,0.1879107,0.002164731,0.002093,0.125583,0.966023077,4.775,20:38:42,20:49:40,8,Hermit_TP16_26C_30March2019.csv,,0:10:58,
Hermit20,19-Mar,Hermit,30-Mar-19,20,0.00016,0.15,0.06,0.0116,0.01144,1,10,0.003437721,3%,0.00003988,0.99,0.11885,0.001359644,0.00132,0.079186,1.319766667,6.631,15:00:44,15:21:13,10,Hermit_TP20_10C_30March2019.csv,,0:20:29,
Hermit20,19-Mar,Hermit,30-Mar-19,20,0.00016,0.15,0.06,0.0116,0.01144,1,18,0.00688296,7%,0.00007984,0.99,0.1043137,0.001193349,0.001114,0.06681,1.1135,6.468,18:02:59,18:17:47,10,Hermit_TP20_18C_30March2019.csv,,0:14:48,
Hermit20,19-Mar,Hermit,30-Mar-19,20,0.00016,0.15,0.06,0.0116,0.01144,1,26,0.006178795,3%,0.00007167,0.99,0.1891146,0.002163471,0.002092,0.125508,2.0918,5.129,20:38:42,20:49:40,10,Hermit_TP20_26C_30March2019.csv,,0:10:58,
Hermit29,19-Mar,Hermit,30-Mar-19,29,0.0001,0.36,0.13,0.0116,0.0115,1,10,0.003437721,2%,0.00003988,0.99,0.163045,0.001875018,0.001835,0.110108,0.846984615,4.364,15:00:44,15:21:01,6,Hermit_TP29_10C_30March2019.csv,,0:20:17,
Hermit29,19-Mar,Hermit,30-Mar-19,29,0.0001,0.36,0.13,0.0116,0.0115,1,18,0.00688296,3%,0.00007984,0.99,0.2528289,0.002907532,0.002828,0.169661,1.30508,5.669,18:01:28,18:11:35,6,Hermit_TP29_18C_30March2019.csv,,0:10:07,
Hermit29,19-Mar,Hermit,30-Mar-19,29,0.0001,0.36,0.13,0.0116,0.0115,1,26,0.006178795,3%,0.00007167,0.99,0.2184686,0.002512389,0.002441,0.146443,1.126484615,3.838,20:38:42,20:49:40,6,Hermit_TP29_26C_30March2019.csv,,0:10:58,
Hermit31,19-Mar,Hermit,30-Mar-19,31,0.00017,0.21,0.07,0.0116,0.01143,1,10,0.003437721,4%,0.00003988,0.98,0.0877821,0.001003349,0.000963,0.057808,0.825828571,6.559,15:00:44,15:26:37,2,Hermit_TP31_10C_30March2019.csv,,0:25:53,
Hermit31,19-Mar,Hermit,30-Mar-19,31,0.00017,0.21,0.07,0.0116,0.01143,1,18,0.00688296,9%,0.00007984,0.98,0.07695267,0.000879569,0.0008,0.047984,0.68549,6.36,18:01:35,18:22:23,2,Hermit_TP31_18C_30March2019.csv,,0:20:48,
Hermit31,19-Mar,Hermit,30-Mar-19,31,0.00017,0.21,0.07,0.0116,0.01143,1,26,0.006178795,4%,0.00007167,0.99,0.1695328,0.00193776,0.001866,0.111965,1.5995,4.914,20:38:42,20:49:40,2,Hermit_TP31_26C_30March2019.csv,,0:10:58,
Hermit03,19-Mar,Hermit,31-Mar-19,3,0.00012,0.15,0.06,0.0116,0.01148,2,10,0.000805935,1%,0.00000935,0.99,0.08983925,0.001031355,0.001022,0.06132,1.022,6.622,15:09:30,15:42:00,9,Hermit_TP03_10C_31March2019.csv,,0:32:30,
Hermit03,19-Mar,Hermit,31-Mar-19,3,0.00012,0.15,0.06,0.0116,0.01148,2,18,0.009045548,8%,0.00010493,0.97,0.110389,0.001267266,0.001162,0.06974,1.16233,6.354,17:54:43,18:14:28,9,Hermit_TP03_18C_31March2019.csv,,0:19:45,
Hermit03,19-Mar,Hermit,31-Mar-19,3,0.00012,0.15,0.06,0.0116,0.01148,2,26,0.007316067,6%,0.00008487,0.99,0.1243068,0.001427042,0.001342,0.080531,1.342183333,5.538,20:29:29,20:41:02,9,Hermit_TP03_26C_31March2019.csv,,0:11:33,
Hermit13,19-Mar,Hermit,31-Mar-19,13,0.00018,0.37,0.13,0.0116,0.01142,2,10,0.000805935,0%,0.00000935,0.99,0.1742951,0.00199045,0.001981,0.118866,0.914353846,6.192,15:09:30,15:25:00,2,Hermit_TP13_10C_31March2019.csv,,0:15:30,
Hermit13,19-Mar,Hermit,31-Mar-19,13,0.00018,0.37,0.13,0.0116,0.01142,2,18,0.009045548,4%,0.00010493,0.99,0.210324,0.0024019,0.002297,0.137818,1.06014,5.052,17:54:43,18:05:31,2,Hermit_TP13_18C_31March2019.csv,,0:10:48,
Hermit13,19-Mar,Hermit,31-Mar-19,13,0.00018,0.37,0.13,0.0116,0.01142,2,26,0.007316067,3%,0.00008487,0.99,0.2799785,0.003197354,0.003112,0.186749,1.436530769,3.401,20:29:29,20:40:14,2,Hermit_TP13_26C_31March2019.csv,,0:10:45,
Hermit15,19-Mar,Hermit,31-Mar-19,15,0.00012,0.18,0.06,0.0116,0.01148,2,10,0.000805935,1%,0.00000935,0.99,0.1134465,0.001302366,0.001293,0.077581,1.293016667,6.796,15:09:30,15:29:39,8,Hermit_TP15_10C_31March2019.csv,,0:20:09,
Hermit15,19-Mar,Hermit,31-Mar-19,15,0.00012,0.18,0.06,0.0116,0.01148,2,18,0.009045548,6%,0.00010493,0.99,0.1635699,0.001877782,0.001773,0.106371,1.77285,6.05,17:54:43,18:10:01,8,Hermit_TP15_18C_31March2019.csv,,0:15:18,
Hermit15,19-Mar,Hermit,31-Mar-19,15,0.00012,0.18,0.06,0.0116,0.01148,2,26,0.007316067,5%,0.00008487,0.99,0.1499819,0.001721792,0.001637,0.098216,1.636933333,4.714,20:29:29,20:40:41,8,Hermit_TP15_26C_31March2019.csv,,0:11:12,
Hermit18,19-Mar,Hermit,31-Mar-19,18,0.00012,0.15,0.05,0.0116,0.01148,2,10,0.000805935,1%,0.00000935,0.99,0.06168303,0.000708121,0.000699,0.041926,0.83852,7.147,15:09:30,15:42:00,4,Hermit_TP18_10C_31March2019.csv,,0:32:30,
Hermit18,19-Mar,Hermit,31-Mar-19,18,0.00012,0.15,0.05,0.0116,0.01148,2,18,0.009045548,9%,0.00010493,0.99,0.0986411,0.0011324,0.001027,0.061648,1.23296,6.209,17:54:43,18:14:28,4,Hermit_TP18_18C_31March2019.csv,,0:19:45,
Hermit18,19-Mar,Hermit,31-Mar-19,18,0.00012,0.15,0.05,0.0116,0.01148,2,26,0.007316067,5%,0.00008487,0.99,0.156906,0.001801281,0.001716,0.102985,2.0597,5.299,20:29:29,20:40:23,4,Hermit_TP18_26C_31March2019.csv,,0:10:54,
Hermit19,19-Mar,Hermit,31-Mar-19,19,0.00012,0.17,0.07,0.0116,0.01148,2,10,0.000805935,1%,0.00000935,0.99,0.1070963,0.001229466,0.00122,0.073207,1.045814286,7.044,15:09:30,15:29:33,6,Hermit_TP19_10C_31March2019.csv,,0:20:03,
Hermit19,19-Mar,Hermit,31-Mar-19,19,0.00012,0.17,0.07,0.0116,0.01148,2,18,0.009045548,5%,0.00010493,0.96,0.2005964,0.002302847,0.002198,0.131875,1.88393,6.086,17:54:43,18:06:10,6,Hermit_TP19_18C_31March2019.csv,,0:11:27,
Hermit19,19-Mar,Hermit,31-Mar-19,19,0.00012,0.17,0.07,0.0116,0.01148,2,26,0.007316067,4%,0.00008487,0.99,0.1891624,0.002171584,0.002087,0.125203,1.788614286,4.894,20:29:29,20:40:38,6,Hermit_TP19_26C_31March2019.csv,,0:11:09,
Hermit28,19-Mar,Hermit,31-Mar-19,28,0.00018,0.53,0.07,0.0116,0.01142,2,10,0.000805935,1%,0.00000935,0.99,0.1046963,0.001195632,0.001186,0.071177,1.016814286,7.048,15:09:30,15:29:45,10,Hermit_TP28_10C_31March2019.csv,,0:20:15,
Hermit28,19-Mar,Hermit,31-Mar-19,28,0.00018,0.53,0.07,0.0116,0.01142,2,18,0.009045548,6%,0.00010493,0.99,0.1436092,0.001640017,0.001535,0.092105,1.31579,4.697,17:54:43,18:09:31,10,Hermit_TP28_18C_31March2019.csv,,0:14:48,
Hermit28,19-Mar,Hermit,31-Mar-19,28,0.00018,0.53,0.07,0.0116,0.01142,2,26,0.007316067,4%,0.00008487,0.97,0.1898328,0.002167891,0.002083,0.124981,1.785442857,4.447,20:29:29,20:40:47,10,Hermit_TP28_26C_31March2019.csv,,0:11:18,
Mussel07,19-Jul,Mussel,17-Jul-19,7,0.00021,1.4326,0.0322,0.0116,0.01139,1,10,0.001562708,3%,1.81E-05,0.99,0.05788253,0.000659282,0.000641155,0.038469276,1.1947,6.758,14:13:19,14:45:28,8,Mussel_TP07_10C_17July2019.csv,,0:32:09,
Mussel07,19-Jul,Mussel,17-Jul-19,7,0.00021,1.4326,0.0322,0.0116,0.01139,1,18,0.004072177,4%,4.72E-05,0.99,0.1090011,0.001241523,0.001194285,0.071657117,2.22538,6.175,17:31:28,17:47:40,8,Mussel_TP07_18C_17July2019.csv,,0:16:12,
Mussel07,19-Jul,Mussel,17-Jul-19,7,0.00021,1.4326,0.0322,0.0116,0.01139,1,26,0.00071775,1%,8.33E-06,0.99,0.09572235,0.001090278,0.001081952,0.0649171,2.01606,5.498,20:23:41,20:41:03,8,Mussel_TP07_26C_17July2019.csv,,0:17:22,
Mussel10,19-Jul,Mussel,17-Jul-19,10,0.00018,1.5782,0.0322,0.0116,0.01142,1,10,0.001562708,3%,1.81E-05,0.99,0.06201019,0.000708156,0.000690029,0.041401737,1.28577,7.475,14:13:19,14:42:19,2,Mussel_TP10_10C_17July2019.csv,,0:29:00,
Mussel10,19-Jul,Mussel,17-Jul-19,10,0.00018,1.5782,0.0322,0.0116,0.01142,1,18,0.004072177,4%,4.72E-05,0.99,0.09453841,0.001079629,0.001032391,0.061943483,1.92371,6.462,17:31:28,17:49:04,2,Mussel_TP10_18C_17July2019.csv,,0:17:36,
Mussel10,19-Jul,Mussel,17-Jul-19,10,0.00018,1.5782,0.0322,0.0116,0.01142,1,26,0.00071775,1%,8.33E-06,0.99,0.1147661,0.001310629,0.001302303,0.078138178,2.42665,4.958,20:23:41,20:40:48,2,Mussel_TP10_26C_17July2019.csv,,0:17:07,
Mussel06,19-Jul,Mussel,18-Jul-19,6,0.00029,1.6166,0.0484,0.0116,0.01131,2,10,0.005162181,5%,5.99E-05,0.99,0.09959275,0.001126394,0.001066513,0.063990762,1.32212,6.734,11:35:56,11:56:09,10,Mussel_TP06_10C_18July2019.csv,,0:20:13,
Mussel06,19-Jul,Mussel,18-Jul-19,6,0.00029,1.6166,0.0484,0.0116,0.01131,2,18,0.002751448,1%,3.19E-05,0.99,0.1954184,0.002210182,0.002178265,0.130695918,2.70033,6.302,14:19:45,14:30:51,10,Mussel_TP06_18C_18July2019.csv,,0:11:06,
Mussel06,19-Jul,Mussel,18-Jul-19,6,0.00029,1.6166,0.0484,0.0116,0.01131,2,26,0.004961235,3%,5.76E-05,0.99,0.1766605,0.00199803,0.00194048,0.116428796,2.40555,5.257,16:50:25,16:59:44,10,Mussel_TP06_26C_18July2019.csv,,0:09:19,
Mussel31,19-Jul,Mussel,18-Jul-19,31,0.0002,1.5132,0.0312,0.0116,0.0114,2,10,0.005162181,10%,5.99E-05,0.99,0.05312536,0.000605629,0.000545748,0.032744868,1.04952,7.068,11:35:56,12:10:57,4,Mussel_TP31_10C_18July2019.csv,,0:35:01,
Mussel31,19-Jul,Mussel,18-Jul-19,31,0.0002,1.5132,0.0312,0.0116,0.0114,2,18,0.002751448,3%,3.19E-05,0.99,0.08377079,0.000954987,0.00092307,0.055384213,1.77514,6.839,14:19:45,14:40:54,4,Mussel_TP31_18C_18July2019.csv,,0:21:09,
Mussel31,19-Jul,Mussel,18-Jul-19,31,0.0002,1.5132,0.0312,0.0116,0.0114,2,26,0.004961235,5%,5.76E-05,0.98,0.1052802,0.001200194,0.001142644,0.068558637,2.19739,5.806,16:50:25,17:05:59,4,Mussel_TP31_26C_18July2019.csv,,0:15:34,
Mussel01,19-Jul,Mussel,19-Jul-19,1,0.0002,2.2632,0.069,0.0116,0.0114,3,10,0.001821927,3%,2.11E-05,0.99,0.05914666,0.000674272,6.53E-04,3.92E-02,0.56812,6.3932,12:09:48,12:44:16,7,Mussel_TP01_10C_19July2019.csv,,0:34:28,
Mussel01,19-Jul,Mussel,19-Jul-19,1,0.0002,2.2632,0.069,0.0116,0.0114,3,18,0.007525617,8%,8.73E-05,0.99,0.1000096,0.001140109,0.001052812,0.063168737,0.91549,6.275,14:56:54,15:16:19,7,Mussel_TP01_18C_19July2019.csv,,0:19:25,
Mussel01,19-Jul,Mussel,19-Jul-19,1,0.0002,2.2632,0.069,0.0116,0.0114,3,26,0.006368966,12%,7.39E-05,0.97,0.0521192,0.000594159,5.20E-04,3.12E-02,0.45217,5.607,17:36:38,17:59:55,7,Mussel_TP01_26C_19July2019.csv,,0:23:17,
Mussel02,19-Jul,Mussel,19-Jul-19,2,0.0003,1.8751,0.0555,0.0116,0.0113,3,10,0.001821927,2%,2.11E-05,0.99,0.08814048,0.000995987,0.000974853,0.058491184,1.0539,6.071,12:09:48,12:31:46,4,Mussel_TP02_10C_19July2019.csv,,0:21:58,
Mussel02,19-Jul,Mussel,19-Jul-19,2,0.0003,1.8751,0.0555,0.0116,0.0113,3,18,0.007525617,5%,8.73E-05,0.99,0.145716,0.001646591,0.001559294,0.093557619,1.68572,6.204,14:56:54,15:09:37,4,Mussel_TP02_18C_19July2019.csv,,0:12:43,
Mussel02,19-Jul,Mussel,19-Jul-19,2,0.0003,1.8751,0.0555,0.0116,0.0113,3,26,0.006368966,5%,7.39E-05,0.99,0.1326809,0.001499294,0.001425414,0.08552485,1.54099,5.336,17:09:19,17:36:38,4,Mussel_TP02_26C_19July2019.csv,,0:27:19,
Mussel14,19-Jul,Mussel,19-Jul-19,14,0.0002,1.3098,0.0427,0.0116,0.0114,3,10,0.001821927,4%,2.11E-05,0.99,0.05280656,0.000601995,0.00058086,0.034851626,0.8162,7.136,12:09:48,12:44:40,1,Mussel_TP14_10C_19July2019.csv,,0:34:52,
Mussel14,19-Jul,Mussel,19-Jul-19,14,0.0002,1.3098,0.0427,0.0116,0.0114,3,18,0.007525617,9%,8.73E-05,0.99,0.08403044,0.000957947,0.00087065,0.052238992,1.2234,6.456,14:56:54,15:16:19,1,Mussel_TP14_18C_19July2019.csv,,0:19:25,
Mussel14,19-Jul,Mussel,19-Jul-19,14,0.0002,1.3098,0.0427,0.0116,0.0114,3,26,0.006368966,5%,7.39E-05,0.99,0.1283565,0.001463264,0.001389384,0.083363046,1.9523,5.253,17:36:38,17:48:52,1,Mussel_TP14_26C_19July2019.csv,,0:12:14,
Mussel22,19-Jul,Mussel,19-Jul-19,22,0.0002,1.4654,0.0273,0.0116,0.0114,3,10,0.001821927,4%,2.11E-05,0.98,0.05177419,0.000590226,0.000569091,0.034145485,1.25075,6.891,12:09:48,12:44:07,8,Mussel_TP22_10C_19July2019.csv,,0:34:19,
Mussel22,19-Jul,Mussel,19-Jul-19,22,0.0002,1.4654,0.0273,0.0116,0.0114,3,18,0.007525617,9%,8.73E-05,0.99,0.08165649,0.000930884,0.000843587,0.05061521,1.85404,6.399,14:56:54,15:16:19,8,Mussel_TP22_18C_19July2019.csv,,0:19:25,
Mussel22,19-Jul,Mussel,19-Jul-19,22,0.0002,1.4654,0.0273,0.0116,0.0114,3,26,0.006368966,53%,7.39E-05,0.97,0.01234265,0.000140706,6.68E-05,0.004009572,0.14687,6.607,17:36:38,18:18:49,8,Mussel_TP22_26C_19July2019.csv,,0:42:11,
Mussel23,19-Jul,Mussel,19-Jul-19,23,0.0003,1.2866,0.0516,0.0116,0.0113,3,10,0.001821927,2%,2.11E-05,0.99,0.09412208,0.00106358,0.001042445,0.062546709,1.21215,7.032,12:09:48,12:31:22,6,Mussel_TP23_10C_19July2019.csv,,0:21:34,
Mussel23,19-Jul,Mussel,19-Jul-19,23,0.0003,1.2866,0.0516,0.0116,0.0113,3,18,0.007525617,5%,8.73E-05,0.99,0.1605982,0.00181476,0.001727463,0.10364775,2.00868,6.095,14:56:54,15:09:43,6,Mussel_TP23_18C_19July2019.csv,,0:12:49,
Mussel23,19-Jul,Mussel,19-Jul-19,23,0.0003,1.2866,0.0516,0.0116,0.0113,3,26,0.006368966,3%,7.39E-05,0.99,0.1949179,0.002202572,2.13E-03,1.28E-01,2.48062,5.285,17:36:38,17:45:04,6,Mussel_TP23_26C_19July2019.csv,,0:08:26,
Mussel24,19-Jul,Mussel,19-Jul-19,24,0.0003,1.2796,0.0357,0.0116,0.0113,3,10,0.001821927,2%,2.11E-05,0.99,0.07513085,0.000848979,0.000827844,0.049670655,1.39133,7.256,12:09:48,12:34:22,10,Mussel_TP24_10C_19July2019.csv,,0:24:34,
Mussel24,19-Jul,Mussel,19-Jul-19,24,0.0003,1.2796,0.0357,0.0116,0.0113,3,18,0.007525617,6%,8.73E-05,0.99,0.1233449,0.001393797,0.0013065,0.078390013,2.1958,6.209,14:56:54,15:13:37,10,Mussel_TP24_18C_19July2019.csv,,0:16:43,
Mussel24,19-Jul,Mussel,19-Jul-19,24,0.0003,1.2796,0.0357,0.0116,0.0113,3,26,0.006368966,39%,7.39E-05,0.99,0.01674661,0.000189237,0.000115357,0.006921401,0.19388,6.422,17:36:38,18:18:49,10,Mussel_TP24_26C_19July2019.csv,,0:42:11,
Mussel28,19-Jul,Mussel,19-Jul-19,28,0.0002,1.4002,0.041,0.0116,0.0114,3,10,0.001821927,3%,2.11E-05,0.99,0.05724099,0.000652547,0.000631413,0.037884776,0.92402,7.175,12:09:48,12:44:40,2,Mussel_TP28_10C_19July2019.csv,,0:34:52,
Mussel28,19-Jul,Mussel,19-Jul-19,28,0.0002,1.4002,0.041,0.0116,0.0114,3,18,0.007525617,7%,8.73E-05,0.99,0.1030036,0.001174241,0.001086944,0.065216633,1.59065,6.372,14:56:54,15:15:34,2,Mussel_TP28_18C_19July2019.csv,,0:18:40,
Mussel28,19-Jul,Mussel,19-Jul-19,28,0.0003,1.4002,0.041,0.0116,0.0113,3,26,0.006368966,6%,7.39E-05,0.99,0.110395,0.001247464,0.001173583,0.07041501,1.71744,5.694,17:36:38,17:49:31,2,Mussel_TP28_26C_19July2019.csv,,0:12:53,
Mussel32,19-Jul,Mussel,19-Jul-19,32,0.0002,1.0782,0.0326,0.0116,0.0114,3,10,0.001821927,3%,2.11E-05,0.99,0.05730555,0.000653283,0.000632149,0.037928935,1.16346,7.158,12:09:48,12:44:28,5,Mussel_TP32_10C_19July2019.csv,,0:34:40,
Mussel32,19-Jul,Mussel,19-Jul-19,32,0.0002,1.0782,0.0326,0.0116,0.0114,3,18,0.007525617,8%,8.73E-05,0.99,0.09479226,0.001080632,0.000993335,0.059600076,1.82822,6.284,14:56:54,15:16:19,5,Mussel_TP32_18C_19July2019.csv,,0:19:25,
Mussel32,19-Jul,Mussel,19-Jul-19,32,0.0002,1.0782,0.0326,0.0116,0.0114,3,26,0.006368966,7%,7.39E-05,0.99,0.09779372,0.001114848,0.001040968,0.062458104,1.91589,5.595,17:36:38,17:51:22,5,Mussel_TP32_26C_19July2019.csv,,0:14:44,
Mussel03,19-Jul,Mussel,20-Jul-19,3,0.0002,1.1936,0.0367,0.0116,0.0114,4,10,0.005542136,9%,6.43E-05,0.98,0.0654124,0.000745701,0.000681413,0.040884755,1.11403,6.978,12:18:49,12:48:33,2,Mussel_TP03_10C_20July2019.csv,,0:29:44,
Mussel03,19-Jul,Mussel,20-Jul-19,3,0.0002,1.1936,0.0367,0.0116,0.0114,4,18,0.008259493,9%,9.58E-05,0.99,0.0947839,0.001080536,0.000984726,0.05908358,1.60991,6.727,14:55:57,15:14:15,2,Mussel_TP03_18C_20July2019.csv,,0:18:18,
Mussel03,19-Jul,Mussel,20-Jul-19,3,0.0002,1.1936,0.0367,0.0116,0.0114,4,26,0.001141337,1%,1.32E-05,0.99,0.1108533,0.001263728,0.001250488,0.075029287,2.04439,5.553,17:18:24,17:32:52,2,Mussel_TP03_26C_20July2019.csv,,0:14:28,
Mussel18,19-Jul,Mussel,20-Jul-19,18,0.0002,1.4473,0.0324,0.0116,0.0114,4,10,0.005542136,9%,6.43E-05,0.99,0.06381067,0.000727442,0.000663153,0.039789172,1.22806,7.053,12:18:49,12:48:33,4,Mussel_TP18_10C_20July2019.csv,,0:29:44,
Mussel18,19-Jul,Mussel,20-Jul-19,18,0.0002,1.4473,0.0324,0.0116,0.0114,4,18,0.008259493,8%,9.58E-05,0.99,0.1094238,0.001247431,0.001151621,0.069097272,2.13263,6.413,14:55:57,15:14:15,4,Mussel_TP18_18C_20July2019.csv,,0:18:18,
Mussel18,19-Jul,Mussel,20-Jul-19,18,0.0002,1.4473,0.0324,0.0116,0.0114,4,26,0.001141337,1%,1.32E-05,0.98,0.103627,0.001181348,0.001168108,0.070086497,2.16316,5.543,17:18:24,17:32:52,4,Mussel_TP18_26C_20July2019.csv,,0:14:28,
Hermit07,19-Jul,Hermit,21-Jul-19,7,0.00008,1.4233,0.118,0.0116,0.01152,1,10,0.01181592,6%,0.000137065,0.99,0.2064758,0.002378601,0.002241537,0.134492193,1.139764344,6.847,12:17:44,12:38:12,6,Hermit_TP07_10C_21July2019.csv,,0:20:28,
Hermit07,19-Jul,Hermit,21-Jul-19,7,0.00008,1.4233,0.118,0.0116,0.01152,1,18,0.00354838,1%,4.12E-05,0.96,0.3697194,0.004259167,0.004218006,0.253080377,2.144748956,5.847,14:46:37,14:54:38,6,Hermit_TP07_18C_21July2019.csv,,0:08:01,
Hermit07,19-Jul,Hermit,21-Jul-19,7,0.00008,1.4233,0.118,0.0116,0.01152,3,26,0.008226981,2%,9.54E-05,0.99,0.3697194,0.004259167,0.004163735,0.249824071,2.11715314,3.485,17:17:43,17:27:26,6,Hermit_TP07_26C_21July2019.csv,,0:09:43,
Hermit30,19-Jul,Hermit,21-Jul-19,30,0.00005,0.2906,0.0566,0.0116,0.01155,1,10,0.01181592,14%,0.000137065,0.99,0.08754553,0.001011151,0.000874086,0.052445172,0.926593144,6.751,12:17:44,12:37:36,1,Hermit_TP20_10C_21July2019.csv,,0:19:52,
Hermit30,19-Jul,Hermit,21-Jul-19,30,0.0005,0.2906,0.0566,0.0116,0.0111,1,18,0.00354838,3%,4.12E-05,0.99,0.1290425,0.001432372,0.001391211,0.083472633,1.474781493,6.117,14:46:37,14:59:47,1,Hermit_TP30_18C_21July2019.csv,,0:13:10,
Hermit30,19-Jul,Hermit,21-Jul-19,30,0.0005,0.2906,0.0566,0.0116,0.0111,1,26,0.008226981,6%,9.54E-05,0.91,0.1389143,0.001541949,0.001446516,0.086790945,1.533408923,5.044,17:17:43,17:27:26,1,Hermit_TP30_26C_21July2019.csv,,0:09:43,
Hermit18,19-Jul,Hermit,22-Jul-19,18,0.00017,0.8177,0.2167,0.0116,0.01143,2,10,0.008830595,3%,0.000102435,0.98,0.2761532,0.003156431,0.003053996,0.18323977,0.845591926,5.374,12:28:17,12:36:15,6,Hermit_TP18_10C_22July2019.csv,,0:07:58,
Hermit18,19-Jul,Hermit,22-Jul-19,18,0.00017,0.8177,0.2167,0.0116,0.01143,2,18,0.005011588,1%,5.81E-05,0.95,0.4706897,0.005379983,0.005321849,0.319310931,1.473516064,5.721,15:02:03,15:06:21,6,Hermit_TP18_18C_22July2019.csv,,0:04:18,
Hermit18,19-Jul,Hermit,22-Jul-19,18,0.00017,0.8177,0.2167,0.0116,0.01143,2,26,0.00426493,1%,4.95E-05,0.97,0.3919885,0.004480429,0.004430955,0.265857322,1.226845049,4.351,17:35:07,17:39:35,6,Hermit_TP18_26C_22July2019.csv,,0:04:28,
Hermit23,19-Jul,Hermit,22-Jul-19,23,0.0001,0.6778,0.106,0.0116,0.0115,2,10,0.008830595,7%,0.000102435,0.96,0.1310841,0.001507467,0.001405032,0.084301935,0.795301272,6.301,12:28:50,12:42:24,8,Hermit_TP23_10C_22July2019.csv,,0:13:34,
Hermit23,19-Jul,Hermit,22-Jul-19,23,0.0001,0.6778,0.106,0.0116,0.0115,2,18,0.005011588,2%,5.81E-05,0.99,0.2555611,0.002938953,0.002880818,0.172849094,1.630651828,5.319,15:02:03,15:09:15,8,Hermit_TP23_18C_22July2019.csv,,0:07:12,
Hermit23,19-Jul,Hermit,22-Jul-19,23,0.0001,0.6778,0.106,0.0116,0.0115,2,26,0.00426493,1%,4.95E-05,0.99,0.3371553,0.003877286,0.003827813,0.229668766,2.166686469,4.512,17:35:07,17:39:41,8,Hermit_TP23_26C_22July2019.csv,,0:04:34,
Hermit24,19-Jul,Hermit,22-Jul-19,24,0.00002,0.2601,0.033,0.0116,0.01158,2,10,0.008830595,12%,0.000102435,0.99,0.07663086,0.000887385,0.00078495,0.047097027,1.427182649,6.833,12:28:50,12:52:09,5,Hermit_TP24_10C_22July2019.csv,,0:23:19,
Hermit24,19-Jul,Hermit,22-Jul-19,24,0.00002,0.2601,0.033,0.0116,0.01158,2,18,0.005011588,4%,5.81E-05,0.99,0.1311068,0.001518217,0.001460082,0.087604939,2.654695133,6.129,15:02:03,15:15:27,5,Hermit_TP24_18C_22July2019.csv,,0:13:24,
Hermit24,19-Jul,Hermit,22-Jul-19,24,0.00002,0.2601,0.033,0.0116,0.01158,2,26,0.00426493,3%,4.95E-05,0.99,0.1448563,0.001677436,0.001627963,0.097677766,2.959932302,5.134,17:35:07,17:44:56,5,Hermit_TP24_26C_22July2019.csv,,0:09:49,
Hermit28,19-Jul,Hermit,22-Jul-19,28,0.00009,0.7174,0.0811,0.0116,0.01151,2,10,0.008830595,11%,0.000102435,0.99,0.07949078,0.000914939,0.000812504,0.048750239,0.601112682,6.24,12:28:50,12:48:39,10,Hermit_TP28_10C_22July2019.csv,,0:19:49,
Hermit28,19-Jul,Hermit,22-Jul-19,28,0.00009,0.7174,0.0811,0.0116,0.01151,2,18,0.005011588,5%,5.81E-05,0.99,0.109848,0.00126435,0.001206216,0.072372964,0.892391659,6.013,15:02:03,15:17:15,10,Hermit_TP28_18C_22July2019.csv,,0:15:12,
Hermit28,19-Jul,Hermit,22-Jul-19,28,0.00009,0.7174,0.0811,0.0116,0.01151,2,26,0.00426493,2%,4.95E-05,0.97,0.179761,0.002069049,0.002019576,0.121174555,1.49413755,4.726,17:35:07,17:42:29,10,Hermit_TP28_26C_22July2019.csv,,0:07:22,
Hermit32,19-Jul,Hermit,22-Jul-19,32,0.00003,0.2387,0.0461,0.0116,0.01157,2,10,0.008830595,13%,0.000102435,0.99,0.06716185,0.000777063,0.000674628,0.040477662,0.878040394,6.876,12:28:50,12:54:21,1,Hermit_TP32_10C_22July2019.csv,,0:25:31,
Hermit32,19-Jul,Hermit,22-Jul-19,32,0.00003,0.2387,0.0461,0.0116,0.01157,2,18,0.005011588,5%,5.81E-05,0.99,0.1022346,0.001182854,0.00112472,0.067483194,1.463843689,6.247,15:02:03,15:17:54,1,Hermit_TP32_18C_22July2019.csv,,0:15:51,
Hermit32,19-Jul,Hermit,22-Jul-19,32,0.00003,0.2387,0.0461,0.0116,0.01157,2,26,0.00426493,3%,4.95E-05,0.99,0.169699,0.001963417,0.001913944,0.114836655,2.491033721,5.155,17:35:07,17:43:23,1,Hermit_TP32_26C_22July2019.csv,,0:08:16,
Hermit02,19-Jul,Hermit,23-Jul-19,2,0.00009,0.2892,0.0638,0.0116,0.01151,3,10,0.008262235,8%,9.58E-05,0.99,0.1039314,0.00119625,0.001100408,0.066024509,1.034866917,6.272,11:41:50,12:02:59,8,Hermit_TP02_10C_23July2019.csv,,0:21:09,
Hermit02,19-Jul,Hermit,23-Jul-19,2,0.00009,0.2892,0.0638,0.0116,0.01151,3,18,0.007273591,6%,8.44E-05,0.95,0.1281718,0.001475257,0.001390884,0.083453026,1.308041156,6.155,14:15:58,14:29:20,8,Hermit_TP02_18C_23July2019.csv,,0:13:22,
Hermit02,19-Jul,Hermit,23-Jul-19,2,0.00009,0.2892,0.0638,0.0116,0.01151,3,26,0.00255248,2%,2.96E-05,0.99,0.1601982,0.001843881,0.001814273,0.108856351,1.706212396,5.321,16:45:20,16:55:27,8,Hermit_TP02_26C_23July2019.csv,,0:10:07,
Hermit03,19-Jul,Hermit,23-Jul-19,3,0.0001,0.3361,0.0914,0.0116,0.0115,3,10,0.008262235,7%,9.58E-05,0.99,0.1248534,0.001435814,0.001339972,0.08039833,0.879631624,6.546,11:47:05,12:04:47,6,Hermit_TP03_10C_23July2019.csv,,0:17:42,
Hermit03,19-Jul,Hermit,23-Jul-19,3,0.0001,0.3361,0.0914,0.0116,0.0115,3,18,0.007273591,6%,8.44E-05,0.99,0.1308318,0.001504566,0.001420192,0.085211523,0.932292371,6.201,14:15:58,14:30:17,6,Hermit_TP03_18C_23July2019.csv,,0:14:19,
Hermit03,19-Jul,Hermit,23-Jul-19,3,0.0001,0.3361,0.0914,0.0116,0.0115,3,26,0.00255248,1%,2.96E-05,0.99,0.2352982,0.002705929,0.002676321,0.160579232,1.756884375,5.256,16:45:20,16:52:42,6,Hermit_TP03_26C_23July2019.csv,,0:07:22,
Hermit06,19-Jul,Hermit,23-Jul-19,6,0.00008,0.287,0.0565,0.0116,0.01152,3,10,0.008262235,9%,9.58E-05,0.99,0.09119964,0.00105062,0.000954778,0.057286676,1.013923462,6.859,11:46:06,12:05:35,2,Hermit_TP06_10C_23July2019.csv,,0:19:29,
Hermit06,19-Jul,Hermit,23-Jul-19,6,0.00008,0.287,0.0565,0.0116,0.01152,3,18,0.007273591,10%,8.44E-05,0.99,0.07474039,0.000861009,0.000776636,0.046598138,0.824745809,6.289,14:15:58,14:38:17,2,Hermit_TP06_18C_23July2019.csv,,0:22:19,
Hermit06,19-Jul,Hermit,23-Jul-19,6,0.00008,0.287,0.0565,0.0116,0.01152,3,26,0.00255248,2%,2.96E-05,0.99,0.1104326,0.001272184,0.001242575,0.074554487,1.319548443,5.318,16:45:20,16:57:03,2,Hermit_TP06_26C_23July2019.csv,,0:11:43,
Hermit12,19-Jul,Hermit,23-Jul-19,12,0.00009,0.4387,0.1018,0.0116,0.01151,3,10,0.008262235,7%,9.58E-05,0.99,0.1240847,0.001428215,0.001332373,0.079942378,0.785288588,5.886,11:41:50,12:01:41,3,Hermit_TP12_10C_23July2019.csv,,0:19:51,
Hermit12,19-Jul,Hermit,23-Jul-19,12,0.00009,0.4387,0.1018,0.0116,0.01151,3,18,0.007273591,4%,8.44E-05,0.99,0.2045807,0.002354724,0.00227035,0.136221012,1.338123891,6.054,14:15:58,14:24:26,3,Hermit_TP12_18C_23July2019.csv,,0:08:28,
Hermit12,19-Jul,Hermit,23-Jul-19,12,0.00009,0.4387,0.1018,0.0116,0.01151,3,26,0.00255248,1%,2.96E-05,0.94,0.246076,0.002832335,0.002802726,0.16816356,1.651901371,4.835,16:45:20,16:51:27,3,Hermit_TP12_26C_23July2019.csv,,0:06:07,
Hermit22,19-Jul,Hermit,23-Jul-19,22,0.00009,0.4548,0.1068,0.0116,0.01151,3,10,0.008262235,8%,9.58E-05,0.98,0.1004494,0.001156173,0.001060331,0.06361984,0.595691387,6.294,11:41:50,12:02:44,5,Hermit_TP22_10C_23July2019.csv,,0:20:54,
Hermit22,19-Jul,Hermit,23-Jul-19,22,0.00009,0.4548,0.1068,0.0116,0.01151,3,18,0.007273591,9%,8.44E-05,0.99,0.08407768,0.000967734,0.00088336,0.053001626,0.496269911,6.266,14:15:58,14:36:32,5,Hermit_TP22_18C_23July2019.csv,,0:20:34,
Hermit22,19-Jul,Hermit,23-Jul-19,22,0.00009,0.4548,0.1068,0.0116,0.01151,3,26,0.00255248,1%,2.96E-05,0.99,0.1741672,0.002004664,0.001975056,0.118503342,1.109581856,4.989,16:45:20,16:54:09,5,Hermit_TP22_26C_23July2019.csv,,0:08:49,
Littorine10,19-Jul,Littorine,24-Jul-19,10,0.0001,0.6619,0.021,0.0062,0.0061,1,10,0.002382393,3%,1.48E-05,0.99,0.07729775,0.000471516,0.000456745,0.027404726,1.304986967,6.849,12:35:06,12:56:49,2,Littorine_TP10_10C_24July2019.csv,,0:21:43,
Littorine10,19-Jul,Littorine,24-Jul-19,10,0.0001,0.6619,0.021,0.0062,0.0061,1,18,0.002677853,3%,1.66E-05,0.99,0.1072898,0.000654468,0.000637865,0.038271905,1.82247169,5.774,15:36:55,15:51:29,2,Littorine_TP10_18C_24July2019.csv,,0:14:34,
Littorine10,19-Jul,Littorine,24-Jul-19,10,0.0001,0.6619,0.021,0.0062,0.0061,1,26,0.000856238,1%,5.31E-06,0.99,0.1481995,0.000904017,0.000898708,0.053922497,2.567737929,5.006,18:18:05,18:28:09,2,Littorine_TP10_26C_24July2019.csv,,0:10:04,
Littorine30,19-Jul,Littorine,24-Jul-19,30,0.00008,0.3947,0.0236,0.0062,0.00612,1,10,0.002382393,3%,1.48E-05,0.99,0.07286775,0.000445951,0.00043118,0.025870788,1.096219814,6.881,12:35:06,12:57:31,10,Littorine_TP30_10C_24July2019.csv,,0:22:25,
Littorine30,19-Jul,Littorine,24-Jul-19,30,0.00008,0.3947,0.0236,0.0062,0.00612,1,18,0.002677853,3%,1.66E-05,0.99,0.09840966,0.000602267,0.000585664,0.035139866,1.488977366,6.023,15:36:55,15:53:05,10,Littorine_TP30_10C_24July2019.csv,,0:16:10,
Littorine30,19-Jul,Littorine,24-Jul-19,30,0.00008,0.3947,0.0236,0.0062,0.00612,1,26,0.000856238,1%,5.31E-06,0.99,0.07705506,0.000471577,0.000466268,0.027976098,1.185427862,5.369,18:18:05,18:36:21,10,Littorine_TP30_26C_24July2019.csv,,0:18:16,
Littorine14,19-Jul,Littorine,25-Jul-19,14,0.00007,0.3993,0.0206,0.0062,0.00613,2,10,0.00326532,9%,2.02E-05,0.99,0.03724681,0.000228323,0.000208078,0.012484678,0.606052314,6.89,7:31:47,8:20:00,10,Littorine_TP14_10C_26July2019.csv,,0:48:13,
Littorine14,19-Jul,Littorine,25-Jul-19,14,0.00007,0.3993,0.0206,0.0062,0.00613,2,18,0.007887696,11%,4.89E-05,0.99,0.07125272,0.000436779,0.000387875,0.023272528,1.129734345,6.376,10:30:09,10:53:22,10,Littorine_TP14_18C_26July2019.csv,,0:23:13,
Littorine14,19-Jul,Littorine,25-Jul-19,14,0.00007,0.3993,0.0206,0.0062,0.00613,2,26,0.003488432,5%,2.16E-05,0.99,0.07730956,0.000473908,0.000452279,0.027136759,1.317318421,5.342,13:24:10,13:43:08,10,Littorine_TP14_26C_26July2019.csv,,0:18:58,
Littorine3,19-Jul,Littorine,25-Jul-19,3,0.00008,0.2824,0.014,0.0062,0.00612,2,10,0.00326532,6%,2.02E-05,0.98,0.05156918,0.000315603,0.000295358,0.017721504,1.265821704,6.837,13:15:04,13:47:10,9,Littorine_TP03_10C_25July2019.csv,,0:32:06,
Littorine3,19-Jul,Littorine,25-Jul-19,3,0.00008,0.2824,0.014,0.0062,0.00612,2,18,0.007887696,15%,4.89E-05,0.99,0.05388099,0.000329752,0.000280848,0.016850877,1.203634044,6.29,16:18:38,16:50:41,9,Littorine_TP03_18C_25July2019.csv,,0:32:03,
Littorine3,19-Jul,Littorine,25-Jul-19,3,0.00008,0.2824,0.014,0.0062,0.00612,2,26,0.003488432,5%,2.16E-05,0.99,0.07735067,0.000473386,0.000451758,0.027105469,1.936104951,5.452,19:02:17,19:21:27,9,Littorine_TP03_26C_25July2019.csv,,0:19:10,
Littorine6,19-Jul,Littorine,25-Jul-19,6,0.00007,0.2444,0.0153,0.0062,0.00613,2,10,0.00326532,7%,2.02E-05,0.98,0.04577874,0.000280624,0.000260379,0.015622722,1.021092911,6.789,13:15:04,13:51:19,8,Littorine_TP06_10C_25July2019.csv,,0:36:15,
Littorine6,19-Jul,Littorine,25-Jul-19,6,0.00007,0.2444,0.0153,0.0062,0.00613,2,18,0.007887696,10%,4.89E-05,0.99,0.07869661,0.00048241,0.000433507,0.02601039,1.700025506,6.243,16:18:38,16:40:35,8,Littorine_TP06_18C_25July2019.csv,,0:21:57,
Littorine6,19-Jul,Littorine,25-Jul-19,6,0.00007,0.2444,0.0153,0.0062,0.00613,2,26,0.003488432,7%,2.16E-05,0.99,0.04944962,0.000303126,0.000281498,0.016889874,1.103913303,5.442,19:02:17,19:29:45,8,Littorine_TP06_26C_25July2019.csv,,0:27:28,
Littorine7,19-Jul,Littorine,25-Jul-19,7,0.00007,0.365,0.0162,0.0062,0.00613,2,10,0.00326532,8%,2.02E-05,0.98,0.03886751,0.000238258,0.000218013,0.013080771,0.807455009,6.891,13:15:04,14:07:56,7,Littorine_TP07_10C_25July2019.csv,,0:52:52,
Littorine7,19-Jul,Littorine,25-Jul-19,7,0.00007,0.365,0.0162,0.0062,0.00613,2,18,0.007887696,11%,4.89E-05,0.99,0.07054114,0.000432417,0.000383513,0.023010808,1.42042027,6.288,16:18:38,16:43:02,7,Littorine_TP07_18C_25July2019.csv,,0:24:24,
Littorine7,19-Jul,Littorine,25-Jul-19,7,0.00007,0.365,0.0162,0.0062,0.00613,2,26,0.003488432,4%,2.16E-05,0.99,0.08349336,0.000511814,0.000490186,0.029411161,1.815503772,5.383,19:02:17,19:18:48,7,Littorine_TP07_26C_25July2019.csv,,0:16:31,
Littorine18,19-Jul,Littorine,26-Jul-19,18,0.00008,0.4048,0.0207,0.0062,0.00612,3,10,0.005111773,18%,3.17E-05,0.99,0.02914734,0.000178382,0.000146689,0.008801324,0.425184719,7.293,7:31:47,8:20:00,1,Littorine_TP18_10C_26July2019.csv,,0:48:13,
Littorine18,19-Jul,Littorine,26-Jul-19,18,0.00008,0.4048,0.0207,0.0062,0.00612,3,18,0.00567189,11%,3.52E-05,0.99,0.05015634,0.000306957,0.000271791,0.016307465,0.78780024,6.072,10:30:09,10:56:49,1,Littorine_TP18_18C_26July2019.csv,,0:26:40,
Littorine18,19-Jul,Littorine,26-Jul-19,18,0.00008,0.4048,0.0207,0.0062,0.00612,3,26,0.007144427,5%,4.43E-05,0.99,0.1329432,0.000813612,0.000769317,0.046159016,2.229904164,5.253,13:24:40,13:35:35,1,Littorine_TP18_26C_26July2019.csv,,0:10:55,
Littorine19,19-Jul,Littorine,26-Jul-19,19,0.0001,0.6772,0.0561,0.0062,0.0061,3,10,0.005111773,5%,3.17E-05,0.98,0.1139929,0.000695357,0.000663664,0.039819822,0.709800746,7.512,7:31:47,7:50:03,6,Littorine_TP19_10C_26July2019.csv,,0:18:16,
Littorine19,19-Jul,Littorine,26-Jul-19,19,0.0001,0.6772,0.0561,0.0062,0.0061,3,18,0.00567189,5%,3.52E-05,0.98,0.111678,0.000681236,0.00064607,0.038764205,0.690984045,6.374,10:30:09,10:45:46,6,Littorine_TP19_18C_26July2019.csv,,0:15:37,
Littorine19,19-Jul,Littorine,26-Jul-19,19,0.0001,0.6772,0.0561,0.0062,0.0061,3,26,0.007144427,6%,4.43E-05,0.96,0.1270529,0.000775023,0.000730727,0.043843635,0.781526463,4.721,13:24:40,13:33:44,6,Littorine_TP19_26C_26July2019.csv,,0:09:04,
Littorine22,19-Jul,Littorine,26-Jul-19,22,0.00008,0.5361,0.0342,0.0062,0.00612,3,10,0.005111773,15%,3.17E-05,0.99,0.03500735,0.000214245,0.000182552,0.010953119,0.320266648,7.073,7:31:47,8:20:00,7,Littorine_TP22_10C_26July2019.csv,,0:48:13,
Littorine22,19-Jul,Littorine,26-Jul-19,22,0.00008,0.5361,0.0342,0.0062,0.00612,3,18,0.00567189,7%,3.52E-05,0.99,0.08077314,0.000494332,0.000459166,0.027549954,0.805554208,6.492,10:30:09,10:49:46,7,Littorine_TP22_18C_26July2019.csv,,0:19:37,
Littorine22,19-Jul,Littorine,26-Jul-19,22,0.00008,0.5361,0.0342,0.0062,0.00612,3,26,0.007144427,5%,4.43E-05,0.99,0.1386749,0.00084869,0.000804395,0.048263696,1.411219194,5.176,13:24:40,13:35:26,7,Littorine_TP22_26C_26July2019.csv,,0:10:46,
Littorine23,19-Jul,Littorine,26-Jul-19,23,0.0001,0.6385,0.0346,0.0062,0.0061,3,10,0.005111773,11%,3.17E-05,0.99,0.04862312,0.000296601,0.000264908,0.015894482,0.459378103,7.087,7:31:47,8:08:06,5,Littorine_TP23_10C_26July2019.csv,,0:36:19,
Littorine23,19-Jul,Littorine,26-Jul-19,23,0.0001,0.6385,0.0346,0.0062,0.0061,3,18,0.00567189,4%,3.52E-05,0.99,0.1505145,0.000918138,0.000882973,0.052978364,1.531166587,6.283,10:30:09,10:41:43,5,Littorine_TP23_18C_26July2019.csv,,0:11:34,
Littorine23,19-Jul,Littorine,26-Jul-19,23,0.0001,0.6385,0.0346,0.0062,0.0061,3,26,0.007144427,5%,4.43E-05,0.99,0.1520043,0.000927226,0.000882931,0.052975847,1.531093843,5.367,13:24:40,13:34:05,5,Littorine_TP23_26C_26July2019.csv,,0:09:25,
Littorine24,19-Jul,Littorine,26-Jul-19,24,0.00009,0.494,0.0149,0.0062,0.00611,3,10,0.005111773,7%,3.17E-05,0.99,0.07502498,0.000458403,0.00042671,0.025602578,1.718293833,6.88,7:31:47,7:54:42,3,Littorine_TP24_10C_26July2019.csv,,0:22:55,
Littorine24,19-Jul,Littorine,26-Jul-19,24,0.00009,0.494,0.0149,0.0062,0.00611,3,18,0.00567189,5%,3.52E-05,0.99,0.1172763,0.000716558,0.000681392,0.040883549,2.743862315,5.996,10:30:09,10:45:34,3,Littorine_TP24_18C_26July2019.csv,,0:15:25,
Littorine24,19-Jul,Littorine,26-Jul-19,24,0.00009,0.494,0.0149,0.0062,0.00611,3,26,0.007144427,9%,4.43E-05,0.99,0.07725726,0.000472042,0.000427746,0.025664785,1.72246877,5.377,13:24:40,13:43:08,3,Littorine_TP24_26C_26July2019.csv,,0:18:28,
Littorine28,19-Jul,Littorine,26-Jul-19,28,0.00009,0.627,0.0336,0.0062,0.00611,3,10,0.005111773,10%,3.17E-05,0.99,0.05146802,0.00031447,0.000282777,0.016966597,0.504958231,6.88,7:31:47,8:10:15,9,Littorine_TP28_10C_26July2019.csv,,0:38:28,
Littorine28,19-Jul,Littorine,26-Jul-19,28,0.00009,0.627,0.0336,0.0062,0.00611,3,18,0.00567189,9%,3.52E-05,0.94,0.06320674,0.000386193,0.000351027,0.021061648,0.626834756,6.327,10:30:09,10:56:49,9,Littorine_TP28_18C_26July2019.csv,,0:26:40,
Littorine28,19-Jul,Littorine,26-Jul-19,28,0.00009,0.627,0.0336,0.0062,0.00611,3,26,0.007144427,9%,4.43E-05,0.99,0.07963735,0.000486584,0.000442289,0.026537326,0.789801359,5.382,13:24:40,13:43:08,9,Littorine_TP28_26C_26July2019.csv,,0:18:28,
Mussel10,19-Sep,Mussel,4-Sep-19,10,0.0002,1.2146,0.0715,0.0116,0.0114,1,10,0.000834902,1%,9.68E-06,0.99,0.07731861,0.000881432,0.000871747,0.052304837,0.731536186,6.711,12:35:35,12:59:09,10,Mussel_TP10_10C_4Sept2019.csv,,0:23:34,
Mussel10,19-Sep,Mussel,4-Sep-19,10,0.0002,1.2146,0.0715,0.0116,0.0114,1,18,0.003499191,3%,4.06E-05,0.99,0.1111518,0.001267131,0.00122654,0.073592394,1.029264255,6.882,15:17:45,15:33:19,10,Mussel_TP10_18C_4Sept2019.csv,,0:15:34,
Mussel10,19-Sep,Mussel,4-Sep-19,10,0.0002,1.2146,0.0715,0.0116,0.0114,1,26,0.005257806,7%,6.10E-05,0.99,0.07588339,0.000865071,0.00080408,0.048244806,0.674752528,5.53,17:48:13,18:07:34,10,Mussel_TP10_18C_4Sept2019.csv,,0:19:21,
Mussel02,19-Sep,Mussel,5-Sep-19,2,0.00025,1.4972,0.0616,0.0116,0.01135,2,10,0.004373734,4%,5.07E-05,0.96,0.1015621,0.00115273,0.001101995,0.066119671,1.073371286,6.556,12:45:49,13:03:11,10,Mussel_TP02_10C_5Sept2019.csv,,0:17:22,
Mussel02,19-Sep,Mussel,5-Sep-19,2,0.00025,1.4972,0.0616,0.0116,0.01135,2,18,0.001319526,1%,1.53E-05,0.99,0.1657442,0.001881197,0.00186589,0.11195341,1.817425489,6.264,15:27:16,15:37:59,10,Mussel_TP02_18C_5Sept2019.csv,,0:10:43,
Mussel02,19-Sep,Mussel,5-Sep-19,2,0.00025,1.4972,0.0616,0.0116,0.01135,2,26,0.004866085,3%,5.64E-05,0.99,0.1972976,0.002239328,0.002182881,0.13097287,2.126182962,4.858,17:59:53,18:09:12,10,Mussel_TP02_26C_5Sept2019.csv,,0:09:19,
Mussel03,19-Sep,Mussel,5-Sep-19,3,0.00028,1.0959,0.0369,0.0116,0.01132,2,10,0.004373734,7%,5.07E-05,0.99,0.06038611,0.000683571,0.000632835,0.037970127,1.029000733,6.565,12:45:49,13:13:04,2,Mussel_TP03_10C_5Sept2019.csv,,0:27:15,
Mussel03,19-Sep,Mussel,5-Sep-19,3,0.00028,1.0959,0.0369,0.0116,0.01132,2,18,0.001319526,1%,1.53E-05,0.99,0.09740951,0.001102676,0.001087369,0.065242149,1.768079921,6.268,15:27:16,15:46:29,2,Mussel_TP03_18C_5Sept2019.csv,,0:19:13,
Mussel03,19-Sep,Mussel,5-Sep-19,3,0.00028,1.0959,0.0369,0.0116,0.01132,2,26,0.004866085,4%,5.64E-05,0.98,0.1349819,0.001527995,0.001471549,0.088292911,2.392761824,5.317,17:59:53,18:12:18,2,Mussel_TP03_26C_5Sept2019.csv,,0:12:25,
Mussel07,19-Sep,Mussel,5-Sep-19,7,0.0003,1.1501,0.0313,0.0116,0.0113,2,10,0.004373734,14%,5.07E-05,0.98,0.03150419,0.000355997,0.000305262,0.018315722,0.585166836,7.094,12:45:49,13:20:04,3,Mussel_TP07_10C_5Sept2019.csv,,0:34:15,
Mussel07,19-Sep,Mussel,5-Sep-19,7,0.0003,1.1501,0.0313,0.0116,0.0113,2,18,0.001319526,2%,1.53E-05,0.99,0.06417652,0.000725195,0.000709888,0.04259329,1.360808002,6.494,15:27:16,15:52:50,3,Mussel_TP07_18C_5Sept2019.csv,,0:25:34,
Mussel07,19-Sep,Mussel,5-Sep-19,7,0.0003,1.1501,0.0313,0.0116,0.0113,2,26,0.004866085,7%,5.64E-05,0.99,0.07188084,0.000812253,0.000755807,0.045348414,1.44883113,5.538,17:59:53,18:21:45,3,Mussel_TP07_26C_5Sept2019.csv,,0:21:52,
Mussel23,19-Sep,Mussel,5-Sep-19,23,0.00028,1.6112,0.0481,0.0116,0.01132,2,10,0.004373734,6%,5.07E-05,0.99,0.07066821,0.000799964,0.000749229,0.044953729,0.934588968,6.587,12:45:49,13:10:43,7,Mussel_TP23_10C_5Sept2019.csv,,0:24:54,
Mussel23,19-Sep,Mussel,5-Sep-19,23,0.00028,1.6112,0.0481,0.0116,0.01132,2,18,0.001319526,1%,1.53E-05,0.99,0.1110386,0.001256957,0.00124165,0.074499027,1.548836321,6.182,15:26:16,15:44:32,7,Mussel_TP23_18C_5Sept2019.csv,,0:18:16,
Mussel23,19-Sep,Mussel,5-Sep-19,23,0.00028,1.6112,0.0481,0.0116,0.01132,2,26,0.004866085,30%,5.64E-05,0.96,0.01655573,0.000187411,0.000130964,0.007857857,0.163365003,5.906,18:04:00,18:33:00,7,Mussel_TP23_26C_5Sept2019.csv,,0:29:00,
Mussel24,19-Sep,Mussel,5-Sep-19,24,0.0002,1.0775,0.0425,0.0116,0.0114,2,10,0.004373734,6%,5.07E-05,0.99,0.07606757,0.00086717,0.000816435,0.048986099,1.152614094,6.555,12:45:49,13:09:16,9,Mussel_TP24_10C_5Sept2019.csv,,0:23:27,
Mussel24,19-Sep,Mussel,5-Sep-19,24,0.0002,1.0775,0.0425,0.0116,0.0114,2,18,0.001319526,1%,1.53E-05,0.99,0.1350219,0.00153925,0.001523943,0.09143659,2.151449165,6.224,15:27:16,15:40:50,9,Mussel_TP24_18C_5Sept2019.csv,,0:13:34,
Mussel24,19-Sep,Mussel,5-Sep-19,24,0.0002,1.0775,0.0425,0.0116,0.0114,2,26,0.004866085,4%,5.64E-05,0.99,0.1305535,0.00148831,0.001431863,0.085911799,2.02145409,5.304,17:59:53,18:11:03,9,Mussel_TP24_26C_5Sept2019.csv,,0:11:10,
Mussel31,19-Sep,Mussel,5-Sep-19,31,0.00028,1.0093,0.0271,0.0116,0.01132,2,10,0.004373734,9%,5.07E-05,0.99,0.04823499,0.00054602,0.000495285,0.029717086,1.096571452,6.794,12:45:49,13:16:22,1,Mussel_TP31_10C_5Sept2019.csv,,0:30:33,
Mussel31,19-Sep,Mussel,5-Sep-19,31,0.00028,1.0093,0.0271,0.0116,0.01132,2,18,0.001319526,1%,1.53E-05,0.99,0.09172482,0.001038325,0.001023018,0.061381108,2.264985522,6.353,15:27:16,15:46:20,1,Mussel_TP31_18C_5Sept2019.csv,,0:19:04,
Mussel31,19-Sep,Mussel,5-Sep-19,31,0.00028,1.0093,0.0271,0.0116,0.01132,2,26,0.004866085,5%,5.64E-05,0.99,0.09701571,0.001098218,0.001041771,0.062506275,2.306504615,5.374,17:59:53,18:15:39,1,Mussel_TP31_26C_5Sept2019.csv,,0:15:46,
Mussel32,19-Sep,Mussel,5-Sep-19,32,0.0002,1.0754,0.035,0.0116,0.0114,2,10,0.004373734,10%,5.07E-05,0.99,0.04399144,0.000501502,0.000450767,0.027046026,0.772743603,7.033,12:45:49,13:20:04,4,Mussel_TP32_10C_5Sept2019.csv,,0:34:15,
Mussel32,19-Sep,Mussel,5-Sep-19,32,0.0002,1.0754,0.035,0.0116,0.0114,2,18,0.001319526,2%,1.53E-05,0.99,0.07415355,0.00084535,0.000830044,0.049802638,1.422932517,6.381,15:27:16,15:50:59,4,Mussel_TP32_18C_5Sept2019.csv,,0:23:43,
Mussel32,19-Sep,Mussel,5-Sep-19,32,0.0002,1.0754,0.035,0.0116,0.0114,2,26,0.004866085,6%,5.64E-05,0.99,0.08827354,0.001006318,0.000949872,0.056992306,1.628351606,5.441,17:59:53,18:17:18,4,Mussel_TP32_26C_5Sept2019.csv,,0:17:25,
Mussel01,19-Sep,Mussel,6-Sep-19,1,0.0003,1.9048,0.0642,0.0116,0.0113,3,10,0.006823779,8%,7.92E-05,0.99,0.09206871,0.001040376,0.000961221,0.057673235,0.898336997,6.618,14:44:31,15:05:52,4,Mussel_TP01_10C_6Sept2019.csv,,0:21:21,
Mussel01,19-Sep,Mussel,6-Sep-19,1,0.0003,1.9048,0.0642,0.0116,0.0113,3,18,0.000529795,0%,6.15E-06,0.99,0.1392149,0.001573128,0.001566983,0.094018965,1.46446986,6.176,17:18:32,17:31:02,4,Mussel_TP01_18C_6Sept2019.csv,,0:12:30,
Mussel01,19-Sep,Mussel,6-Sep-19,1,0.0003,1.9048,0.0642,0.0116,0.0113,3,26,0.002775858,11%,3.22E-05,0.92,0.02643298,0.000298693,0.000266493,0.015989563,0.249058618,6.255,19:44:30,20:16:51,4,Mussel_TP01_26C_6Sept2019.csv,,0:32:21,
Mussel06,19-Sep,Mussel,6-Sep-19,6,0.00025,1.4859,0.0654,0.0116,0.01135,3,10,0.006823779,8%,7.92E-05,0.98,0.08287904,0.000940677,0.000861521,0.051691276,0.790386484,6.596,14:44:31,15:06:10,7,Mussel_TP06_10C_6Sept2019.csv,,0:21:39,
Mussel06,19-Sep,Mussel,6-Sep-19,6,0.00025,1.4859,0.0654,0.0116,0.01135,3,18,0.000529795,0%,6.15E-06,0.99,0.1148641,0.001303708,0.001297562,0.077853715,1.190423776,6.268,17:18:32,17:33:29,7,Mussel_TP06_18C_6Sept2019.csv,,0:14:57,
Mussel06,19-Sep,Mussel,6-Sep-19,6,0.00025,1.4859,0.0654,0.0116,0.01135,3,26,0.002775858,3%,3.22E-05,0.99,0.1076372,0.001221682,0.001189482,0.071368936,1.091268135,5.364,19:44:30,19:58:51,7,Mussel_TP06_26C_6Sept2019.csv,,0:14:21,
Mussel14,19-Sep,Mussel,6-Sep-19,14,0.00018,0.914,0.0357,0.0116,0.01142,3,10,0.006823779,12%,7.92E-05,0.99,0.05669077,0.000647409,0.000568253,0.034095165,0.95504665,6.579,14:44:31,15:14:49,9,Mussel_TP14_10C_6Sept2019.csv,,0:30:18,
Mussel14,19-Sep,Mussel,6-Sep-19,14,0.00018,0.914,0.0357,0.0116,0.01142,3,18,0.000529795,1%,6.15E-06,0.99,0.09921544,0.00113304,0.001126895,0.067613682,1.893940681,6.171,17:18:32,17:36:35,9,Mussel_TP14_18C_6Sept2019.csv,,0:18:03,
Mussel14,19-Sep,Mussel,6-Sep-19,14,0.00018,0.914,0.0357,0.0116,0.01142,3,26,0.002775858,3%,3.22E-05,0.99,0.09901987,0.001130807,0.001098607,0.065916418,1.846398256,5.454,19:44:30,20:00:09,9,Mussel_TP14_26C_6Sept2019.csv,,0:15:39,
Mussel22,19-Sep,Mussel,6-Sep-19,22,0.00029,1.577,0.0609,0.0116,0.01131,3,10,0.006823779,6%,7.92E-05,0.99,0.1154216,0.001305418,0.001226262,0.073575748,1.208140354,6.319,14:44:31,15:00:19,8,Mussel_TP22_10C_6Sept2019.csv,,0:15:48,
Mussel22,19-Sep,Mussel,6-Sep-19,22,0.00029,1.577,0.0609,0.0116,0.01131,3,18,0.000529795,0%,6.15E-06,0.99,0.1481237,0.001675279,0.001669133,0.100148006,1.644466431,6.158,17:18:32,17:29:53,8,Mussel_TP22_18C_6Sept2019.csv,,0:11:21,
Mussel22,19-Sep,Mussel,6-Sep-19,22,0.00029,1.577,0.0609,0.0116,0.01131,3,26,0.002775858,2%,3.22E-05,0.99,0.1696148,0.001918343,0.001886143,0.113168606,1.858269394,5.24,19:44:30,19:54:51,8,Mussel_TP22_26C_6Sept2019.csv,,0:10:21,
Mussel28,19-Sep,Mussel,6-Sep-19,28,0.0002,1.1794,0.0282,0.0116,0.0114,3,10,0.006823779,13%,7.92E-05,0.99,0.05166264,0.000588954,0.000509798,0.030587896,1.084677148,6.783,14:44:00,15:15:00,1,Mussel_TP28_10C_6Sept2019.csv,,0:31:00,
Mussel28,19-Sep,Mussel,6-Sep-19,28,0.0002,1.1794,0.0282,0.0116,0.0114,3,18,0.000529795,1%,6.15E-06,0.99,0.07974297,0.00090907,0.000902924,0.054175454,1.921115401,6.284,17:18:32,17:40:20,1,Mussel_TP28_18C_6Sept2019.csv,,0:21:48,
Mussel28,19-Sep,Mussel,6-Sep-19,28,0.0002,1.1794,0.0282,0.0116,0.0114,3,26,0.002775858,12%,3.22E-05,0.99,0.02323849,0.000264919,0.000232719,0.01396313,0.495146454,6.18,19:44:30,20:16:51,1,Mussel_TP28_26C_6Sept2019.csv,,0:32:21,
Hermit07,19-Sep,Hermit,9-Sep-19,7,0.0001,0.3978,0.0707,0.0116,0.0115,1,10,0.006806585,6%,7.90E-05,0.99,0.1107102,0.001273167,0.001194211,0.071652655,1.013474609,6.145,9:48:00,10:04:00,6,Hermit_TP07_10C_9Sept2019.csv,,0:16:00,
Hermit07,19-Sep,Hermit,9-Sep-19,7,0.0001,0.3978,0.0707,0.0116,0.0115,1,18,0.00271863,2%,3.15E-05,0.97,0.1602806,0.001843227,0.001811691,0.108701448,1.537502794,5.592,12:14:44,12:25:27,6,Hermit_TP07_18C_9Sept2019.csv,,0:10:43,
Hermit07,19-Sep,Hermit,9-Sep-19,7,0.0001,0.3978,0.0707,0.0116,0.0115,1,26,0.00155358,1%,1.80E-05,0.99,0.1311426,0.00150814,0.001490118,0.089407102,1.264598336,5.204,14:40:00,14:51:00,6,Hermit_TP07_26C_9Sept2019.csv,,0:11:00,
Hermit30,19-Sep,Hermit,9-Sep-19,30,0.00012,0.809,0.0745,0.0116,0.01148,1,10,0.006806585,6%,7.90E-05,0.98,0.1109571,0.001273788,0.001194831,0.071689867,0.962280098,5.957,9:48:00,10:04:00,2,Hermit_TP30_10C_9Sept2019.csv,,0:16:00,
Hermit30,19-Sep,Hermit,9-Sep-19,30,0.00012,0.809,0.0745,0.0116,0.01148,1,18,0.00271863,3%,3.15E-05,0.99,0.1052224,0.001207953,0.001176417,0.070585023,0.947449968,6.012,12:14:44,12:32:00,2,Hermit_TP30_18C_9Sept2019.csv,,0:17:16,
Hermit30,19-Sep,Hermit,9-Sep-19,30,0.00012,0.809,0.0745,0.0116,0.01148,1,26,0.00155358,1%,1.80E-05,0.99,0.1920212,0.002204403,0.002186382,0.131182911,1.760844441,4.366,14:40:41,14:48:30,2,Hermit_TP30_26C_9Sept2019.csv,,0:07:49,
Hermit10,19-Sep,Hermit,10-Sep-19,10,0.0001,0.4458,0.1002,0.0116,0.0115,2,10,0.002913183,2%,3.38E-05,0.95,0.1315511,0.001512838,0.001479045,0.088742684,0.885655525,5.847,9:54:04,10:07:31,5,Hermit_TP10_10C_10Sept2019.csv,,0:13:27,
Hermit10,19-Sep,Hermit,10-Sep-19,10,0.0001,0.4458,0.1002,0.0116,0.0115,2,18,0.004624784,2%,5.36E-05,0.99,0.2066313,0.00237626,0.002322612,0.139356747,1.390785902,5.513,12:25:48,12:36:46,5,Hermit_TP10_18C_10Sept2019.csv,,0:10:58,
Hermit10,19-Sep,Hermit,10-Sep-19,10,0.0001,0.4458,0.1002,0.0116,0.0115,2,26,0.002409064,1%,2.79E-05,0.99,0.2812203,0.003234033,0.003206088,0.192365298,1.919813358,3.73,15:30:20,15:38:50,5,Hermit_TP10_26C_10Sept2019.csv,,0:08:30,
Hermit14,19-Sep,Hermit,10-Sep-19,14,0.0001,0.4742,0.0602,0.0116,0.0115,2,10,0.002913183,4%,3.38E-05,0.98,0.07596584,0.000873607,0.000839814,0.050388854,0.837024157,6.398,9:54:04,10:16:58,6,Hermit_TP14_10C_10Sept2019.csv,,0:22:54,
Hermit14,19-Sep,Hermit,10-Sep-19,14,0.0001,0.4742,0.0602,0.0116,0.0115,2,18,0.004624784,9%,5.36E-05,0.99,0.05318896,0.000611673,0.000558026,0.033481533,0.55617164,6.368,12:25:48,12:52:37,6,Hermit_TP14_18C_10Sept2019.csv,,0:26:49,
Hermit14,19-Sep,Hermit,10-Sep-19,14,0.0001,0.4742,0.0602,0.0116,0.0115,2,26,0.002409064,3%,2.79E-05,0.98,0.08460908,0.000973004,0.000945059,0.056703557,0.941919546,5.284,15:40:00,15:55:00,6,Hermit_TP14_26C_10Sept2019.csv,,0:15:00,
Hermit24,19-Sep,Hermit,10-Sep-19,24,0.0001,0.5913,0.0994,0.0116,0.0115,2,10,0.002913183,6%,3.38E-05,0.92,0.04623062,0.000531652,0.000497859,0.029871552,0.300518636,6.776,9:54:04,10:16:58,3,Hermit_TP24_10C_10Sept2019.csv,,0:22:54,
Hermit24,19-Sep,Hermit,10-Sep-19,24,0.0001,0.5913,0.0994,0.0116,0.0115,2,18,0.004624784,3%,5.36E-05,0.99,0.1756092,0.002019506,0.001965858,0.117951498,1.186634792,5.475,12:25:48,12:36:36,3,Hermit_TP24_18C_10Sept2019.csv,,0:10:48,
Hermit24,19-Sep,Hermit,10-Sep-19,24,0.0001,0.5913,0.0994,0.0116,0.0115,2,26,0.002409064,3%,2.79E-05,0.99,0.08118543,0.000933632,0.000905687,0.054341238,0.546692537,5.05,15:30:20,15:48:08,3,Hermit_TP24_26C_10Sept2019.csv,,0:17:48,
Hermit02,19-Sep,Hermit,11-Sep-19,2,0.00007,0.25544,0.0612,0.0116,0.01153,3,10,0.000378703,1%,4.39E-06,0.99,0.04506644,0.000519616,0.000515223,0.030913386,0.505120685,6.666,9:55:50,10:22:11,2,Hermit_TP02_10C_11Sept2019.csv,,0:26:21,
Hermit02,19-Sep,Hermit,11-Sep-19,2,0.00007,0.25544,0.0612,0.0116,0.01153,3,18,0.000122166,0%,1.42E-06,0.99,0.06416622,0.000739837,0.000738419,0.044305163,0.723940579,6.252,12:31:18,12:52:41,2,Hermit_TP02_18C_11Sept2019.csv,,0:21:23,
Hermit02,19-Sep,Hermit,11-Sep-19,2,0.00007,0.25544,0.0612,0.0116,0.01153,3,26,0.002983284,2%,3.46E-05,0.99,0.1240293,0.001430058,0.001395452,0.083727104,1.368089936,5.279,14:58:20,15:10:20,2,Hermit_TP02_26C_11Sept2019.csv,,0:12:00,
Hermit03,19-Sep,Hermit,11-Sep-19,3,0.0001,0.5215,0.1685,0.0116,0.0115,3,10,0.000378703,0%,4.39E-06,0.99,0.2091198,0.002404878,0.002400485,0.144029085,0.854772016,5.51,9:55:50,10:05:14,9,Hermit_TP03_10C_11Sept2019.csv,,0:09:24,
Hermit03,19-Sep,Hermit,11-Sep-19,3,0.0001,0.5215,0.1685,0.0116,0.0115,3,18,0.000122166,0%,1.42E-06,0.99,0.2044453,0.002351121,0.002349704,0.140982229,0.836689789,5.491,12:31:18,12:40:41,9,Hermit_TP03_18C_11Sept2019.csv,,0:09:23,
Hermit03,19-Sep,Hermit,11-Sep-19,3,0.0001,0.5215,0.1685,0.0116,0.0115,3,26,0.002983284,1%,3.46E-05,0.99,0.3554962,0.004088206,0.0040536,0.243216012,1.443418471,4.372,14:58:20,15:05:41,9,Hermit_TP03_26C_11Sept2019.csv,,0:07:21,
Hermit06,19-Sep,Hermit,11-Sep-19,6,0.0002,1.0626,0.2368,0.0116,0.0114,3,10,0.000378703,0%,4.39E-06,0.99,0.1341131,0.001528889,0.001524496,0.091469783,0.386274422,5.987,9:55:50,10:08:50,4,Hermit_TP06_10C_11Sept2019.csv,,0:13:00,
Hermit06,19-Sep,Hermit,11-Sep-19,6,0.0002,1.0626,0.2368,0.0116,0.0114,3,18,0.000122166,0%,1.42E-06,0.99,0.1847735,0.002106418,0.002105001,0.126300046,0.533361683,5.236,12:31:18,12:40:47,4,Hermit_TP06_18C_11Sept2019.csv,,0:09:29,
Hermit06,19-Sep,Hermit,11-Sep-19,6,0.0002,1.0626,0.2368,0.0116,0.0114,3,26,0.002983284,1%,3.46E-05,0.99,0.336097,0.003831506,0.0037969,0.227813982,0.96205229,3.803,14:58:20,15:05:02,4,Hermit_TP06_26C_11Sept2019.csv,,0:06:42,
Hermit12,19-Sep,Hermit,11-Sep-19,12,0.0001,0.4814,0.1365,0.0116,0.0115,3,10,0.000378703,0%,4.39E-06,0.99,0.1705657,0.001961506,0.001957113,0.117426756,0.860269273,5.628,9:55:50,10:06:38,6,Hermit_TP12_10C_11Sept2019.csv,,0:10:48,
Hermit12,19-Sep,Hermit,11-Sep-19,12,0.0001,0.4814,0.1365,0.0116,0.0115,3,18,0.000122166,0%,1.42E-06,0.98,0.1702952,0.001958395,0.001956978,0.11741866,0.860209967,7.008,12:31:32,12:40:59,6,Hermit_TP12_18C_11Sept2019.csv,,0:09:27,
Hermit12,19-Sep,Hermit,11-Sep-19,12,0.0001,0.4814,0.1365,0.0116,0.0115,3,26,0.002983284,1%,3.46E-05,0.99,0.2858488,0.003287261,0.003252655,0.195159306,1.429738508,4.35,14:58:20,15:05:08,6,Hermit_TP12_26C_11Sept2019.csv,,0:06:48,
Hermit18,19-Sep,Hermit,11-Sep-19,18,0.0001,0.321,0.0759,0.0116,0.0115,3,10,0.000378703,0%,4.39E-06,0.99,0.09349974,0.001075247,0.001070854,0.064251243,0.846524945,6.153,9:55:50,10:12:53,8,Hermit_TP18_10C_11Sept2019.csv,,0:17:03,
Hermit18,19-Sep,Hermit,11-Sep-19,18,0.0001,0.321,0.0759,0.0116,0.0115,3,18,0.000122166,0%,1.42E-06,0.98,0.09891273,0.001137496,0.001136079,0.068164756,0.898086379,5.549,12:31:18,12:50:17,8,Hermit_TP18_18C_11Sept2019.csv,,0:18:59,
Hermit18,19-Sep,Hermit,11-Sep-19,18,0.0001,0.321,0.0759,0.0116,0.0115,3,26,0.002983284,1%,3.46E-05,0.99,0.2264278,0.00260392,0.002569314,0.154158816,2.031077949,4.583,14:58:20,15:10:20,8,Hermit_TP18_26C_11Sept2019.csv,,0:12:00,
Hermit19,19-Sep,Hermit,11-Sep-19,19,0.00011,0.705,0.1387,0.0116,0.01149,3,10,0.000378703,0%,4.39E-06,0.98,0.07974084,0.000916222,0.000911829,0.054709758,0.394446704,6.302,9:55:50,10:14:50,10,Hermit_TP19_10C_11Sept2019.csv,,0:19:00,
Hermit19,19-Sep,Hermit,11-Sep-19,19,0.00011,0.705,0.1387,0.0116,0.01149,3,18,0.000122166,0%,1.42E-06,0.98,0.2162821,0.002485081,0.002483664,0.149019852,1.074404125,5.863,12:31:18,12:40:17,10,Hermit_TP19_18C_11Sept2019.csv,,0:08:59,
Hermit19,19-Sep,Hermit,11-Sep-19,19,0.00011,0.705,0.1387,0.0116,0.01149,3,26,0.002983284,1%,3.46E-05,0.99,0.2752025,0.003162077,0.003127471,0.187648238,1.352907266,3.863,14:58:20,15:05:56,10,Hermit_TP19_26C_11Sept2019.csv,,0:07:36,
Hermit22,19-Sep,Hermit,11-Sep-19,22,0.0001,0.5618,0.0916,0.0116,0.0115,3,10,0.000378703,1%,4.39E-06,0.99,0.05881214,0.00067634,0.000671947,0.040316799,0.44013973,6.197,9:55:50,10:19:00,1,Hermit_TP22_10C_11Sept2019.csv,,0:23:10,
Hermit22,19-Sep,Hermit,11-Sep-19,22,0.0001,0.5618,0.0916,0.0116,0.0115,3,18,0.000122166,0%,1.42E-06,0.99,0.07809366,0.000898077,0.00089666,0.053799598,0.587331854,5.934,12:31:18,12:51:59,1,Hermit_TP22_18C_11Sept2019.csv,,0:20:41,
Hermit22,19-Sep,Hermit,11-Sep-19,22,0.0001,0.5618,0.0916,0.0116,0.0115,3,26,0.002983284,2%,3.46E-05,0.94,0.1836455,0.002111923,0.002077317,0.124639029,1.360688093,4.957,14:58:20,15:06:17,1,Hermit_TP22_26C_11Sept2019.csv,,0:07:57,
Hermit23,19-Sep,Hermit,11-Sep-19,23,0.00019,0.9361,0.1184,0.0116,0.01141,3,10,0.000378703,0%,4.39E-06,0.98,0.1756438,0.002004096,0.001999703,0.119982168,1.013362907,5.703,9:55:50,10:06:35,5,Hermit_TP23_10C_11Sept2019.csv,,0:10:45,
Hermit23,19-Sep,Hermit,11-Sep-19,23,0.00019,0.9361,0.1184,0.0116,0.01141,3,18,0.000122166,0%,1.42E-06,0.98,0.1912871,0.002182586,0.002181169,0.130870121,1.105321969,5.668,12:31:18,12:40:53,5,Hermit_TP23_18C_11Sept2019.csv,,0:09:35,
Hermit23,19-Sep,Hermit,11-Sep-19,23,0.00019,0.9361,0.1184,0.0116,0.01141,3,26,0.002983284,1%,3.46E-05,0.98,0.2344839,0.002675461,0.002640855,0.158451312,1.338271219,4.916,14:58:20,15:05:05,5,Hermit_TP23_26C_11Sept2019.csv,,0:06:45,
Hermit28,19-Sep,Hermit,12-Sep-19,28,0.00009,0.2107,0.0481,0.0116,0.01151,4,10,0.009832536,13%,0.000114057,0.98,0.07525003,0.000866128,0.00075207,0.045124226,0.93813359,6.681,8:55:53,9:17:17,6,Hermit_TP28_10C_12Sept2019.csv,,0:21:24,
Hermit28,19-Sep,Hermit,12-Sep-19,28,0.00009,0.2107,0.0481,0.0116,0.01151,4,18,0.004861835,8%,5.64E-05,0.99,0.05933789,0.000682979,0.000626582,0.03759491,0.781598954,6.255,11:18:46,11:45:50,6,Hermit_TP28_18C_12Sept2019.csv,,0:27:04,
Hermit28,19-Sep,Hermit,12-Sep-19,28,0.00009,0.2107,0.0481,0.0116,0.01151,4,26,0.003720122,2%,4.32E-05,0.99,0.1608966,0.00185192,0.001808766,0.108525987,2.256257527,5.434,13:47:42,13:57:43,6,Hermit_TP28_26C_12Sept2019.csv,,0:10:01,
Hermit32,19-Sep,Hermit,12-Sep-19,32,0.0001,0.3468,0.0789,0.0116,0.0115,4,10,0.009832536,8%,0.000114057,0.96,0.1231572,0.001416308,0.00130225,0.078135023,0.990304473,6.404,8:55:53,9:11:38,8,Hermit_TP32_10C_12Sept2019.csv,,0:15:45,
Hermit32,19-Sep,Hermit,12-Sep-19,32,0.0001,0.3468,0.0789,0.0116,0.0115,4,18,0.004861835,3%,5.64E-05,0.99,0.1886828,0.002169852,0.002113455,0.126807295,1.607190049,5.987,11:18:46,11:28:38,8,Hermit_TP32_18C_12Sept2019.csv,,0:09:52,
Hermit32,19-Sep,Hermit,12-Sep-19,32,0.0001,0.3468,0.0789,0.0116,0.0115,4,26,0.003720122,2%,4.32E-05,0.99,0.2270238,0.002610774,0.00256762,0.154057217,1.952562954,5.154,13:47:42,13:53:13,8,Hermit_TP32_26C_12Sept2019.csv,,0:05:31,
Littorine18,19-Sep,Littorine,14-Sep-19,18,0.00007,0.2637,0.0248,0.0062,0.00613,1,10,0.002028825,2%,1.26E-05,0.99,0.1107318,0.000678786,0.000666207,0.039972433,1.611791653,6.683,10:49:19,11:34:09,10,Littorine_TP18_10C_14Sept2019.csv,,0:44:50,
Littorine18,19-Sep,Littorine,14-Sep-19,18,0.00007,0.2637,0.0248,0.0062,0.00613,1,18,0.002442357,1%,1.51E-05,0.99,0.1664198,0.001020153,0.001005011,0.060300646,2.431477661,6.451,13:53:59,14:23:27,10,Littorine_TP18_18C_14Sept2019.csv,,0:29:28,
Littorine18,19-Sep,Littorine,14-Sep-19,18,0.00007,0.2637,0.0248,0.0062,0.00613,1,26,0.005368213,2%,3.33E-05,0.99,0.2711308,0.001662032,0.001628749,0.097724933,3.940521492,5.381,16:36:02,16:53:00,10,Littorine_TP18_26C_14Sept2019.csv,,0:16:58,
Littorine19,19-Sep,Littorine,14-Sep-19,19,0.0001,0.7316,0.0642,0.0062,0.0061,1,10,0.002028825,3%,1.26E-05,0.99,0.05955851,0.000363307,0.000350728,0.021043692,0.327783364,6.679,10:49:19,11:18:16,4,Littorine_TP19_10C_14Sept2019.csv,,0:28:57,
Littorine19,19-Sep,Littorine,14-Sep-19,19,0.0001,0.7316,0.0642,0.0062,0.0061,1,18,0.002442357,2%,1.51E-05,0.99,0.1038302,0.000633364,0.000618222,0.037093296,0.577777196,6.213,13:53:59,14:10:27,4,Littorine_TP19_18C_14Sept2019.csv,,0:16:28,
Littorine19,19-Sep,Littorine,14-Sep-19,19,0.0001,0.7316,0.0642,0.0062,0.0061,1,26,0.005368213,4%,3.33E-05,0.99,0.1267403,0.000773116,0.000739833,0.044389975,0.691432632,5.289,16:36:02,16:49:12,4,Littorine_TP19_26C_14Sept2019.csv,,0:13:10,
Littorine22,19-Sep,Littorine,14-Sep-19,22,0.0001,0.6927,0.0527,0.0062,0.0061,1,10,0.002028825,5%,1.26E-05,0.99,0.04398902,0.000268333,0.000255754,0.015345258,0.291181366,6.515,10:49:19,11:29:21,1,Littorine_TP22_10C_14Sept2019.csv,,0:40:02,
Littorine22,19-Sep,Littorine,14-Sep-19,22,0.0001,0.6927,0.0527,0.0062,0.0061,1,18,0.002442357,4%,1.51E-05,0.99,0.06992861,0.000426565,0.000411422,0.024685314,0.46841203,6.266,13:53:59,14:16:30,1,Littorine_TP22_18C_14Sept2019.csv,,0:22:31,
Littorine22,19-Sep,Littorine,14-Sep-19,22,0.0001,0.6927,0.0527,0.0062,0.0061,1,26,0.005368213,3%,3.33E-05,0.99,0.1635383,0.000997584,0.000964301,0.057858043,1.097875579,4.959,16:36:02,16:45:09,1,Littorine_TP22_26C_14Sept2019.csv,,0:09:07,
Littorine23,19-Sep,Littorine,14-Sep-19,23,0.0001,0.6539,0.0542,0.0062,0.0061,1,10,0.002028825,6%,1.26E-05,0.99,0.03406324,0.000207786,0.000195207,0.011712423,0.216096365,6.675,10:49:19,11:37:57,6,Littorine_TP23_10C_14Sept2019.csv,,0:48:38,
Littorine23,19-Sep,Littorine,14-Sep-19,23,0.0001,0.6539,0.0542,0.0062,0.0061,1,18,0.002442357,2%,1.51E-05,0.99,0.1298126,0.000791857,0.000776714,0.046602855,0.859831273,6.338,13:53:59,14:07:30,6,Littorine_TP23_18C_14Sept2019.csv,,0:13:31,
Littorine23,19-Sep,Littorine,14-Sep-19,23,0.0001,0.6539,0.0542,0.0062,0.0061,1,26,0.005368213,3%,3.33E-05,0.99,0.1796799,0.001096047,0.001062765,0.063765868,1.17649203,5.119,16:36:02,16:45:18,6,Littorine_TP23_26C_14Sept2019.csv,,0:09:16,
Littorine24,19-Sep,Littorine,14-Sep-19,24,0.0001,0.617,0.0636,0.0062,0.0061,1,10,0.002028825,3%,1.26E-05,0.99,0.07352304,0.000448491,0.000435912,0.02615471,0.411237579,6.594,10:49:19,11:12:22,9,Littorine_TP24_10C_14Sept2019.csv,,0:23:03,
Littorine24,19-Sep,Littorine,14-Sep-19,24,0.0001,0.617,0.0636,0.0062,0.0061,1,18,0.002442357,2%,1.51E-05,0.99,0.1201517,0.000732925,0.000717783,0.043066965,0.677153538,6.232,13:53:59,14:09:30,9,Littorine_TP24_18C_14Sept2019.csv,,0:15:31,
Littorine24,19-Sep,Littorine,14-Sep-19,24,0.0001,0.617,0.0636,0.0062,0.0061,1,26,0.005368213,3%,3.33E-05,0.99,0.1595621,0.000973329,0.000940046,0.056402753,0.886835739,5.326,16:36:02,16:45:54,9,Littorine_TP24_26C_14Sept2019.csv,,0:09:52,
Littorine3,19-Sep,Littorine,14-Sep-19,3,0.00008,0.2124,0.0132,0.0062,0.00612,1,10,0.002028825,7%,1.26E-05,0.99,0.03006279,0.000183984,0.000171406,0.010284334,0.779116212,6.749,10:49:19,11:44:46,7,Littorine_TP03_10C_14Sept2019.csv,,0:55:27,
Littorine3,19-Sep,Littorine,14-Sep-19,3,0.00008,0.2124,0.0132,0.0062,0.00612,1,18,0.002442357,6%,1.51E-05,0.99,0.04058959,0.000248408,0.000233266,0.013995941,1.060298561,6.744,13:53:59,14:28:39,7,Littorine_TP03_18C_14Sept2019.csv,,0:34:40,
Littorine3,19-Sep,Littorine,14-Sep-19,3,0.00008,0.2124,0.0132,0.0062,0.00612,1,26,0.005368213,18%,3.33E-05,0.99,0.03097979,0.000189596,0.000156313,0.009378804,0.710515455,5.846,16:36:02,17:12:48,7,Littorine_TP03_26C_14Sept2019.csv,,0:36:46,
Littorine6,19-Sep,Littorine,14-Sep-19,6,0.0001,0.5075,0.0394,0.0062,0.0061,1,10,0.002028825,5%,1.26E-05,0.99,0.04259733,0.000259844,0.000247265,0.0148359,0.376545685,6.715,10:49:19,11:27:42,5,Littorine_TP06_10C_14Sept2019.csv,,0:38:23,
Littorine6,19-Sep,Littorine,14-Sep-19,6,0.0001,0.5075,0.0394,0.0062,0.0061,1,18,0.002442357,2%,1.51E-05,0.99,0.1403271,0.000855995,0.000840853,0.050451162,1.280486345,6.192,13:53:59,14:07:09,5,Littorine_TP06_18C_14Sept2019.csv,,0:13:10,
Littorine6,19-Sep,Littorine,14-Sep-19,6,0.0001,0.5075,0.0394,0.0062,0.0061,1,26,0.005368213,5%,3.33E-05,0.96,0.1060623,0.00064698,0.000613697,0.036821827,0.934564137,5.321,16:36:02,16:50:00,5,Littorine_TP06_26C_14Sept2019.csv,,0:13:58,
Littorine14,19-Sep,Littorine,15-Sep-19,14,0.00009,0.4866,0.0356,0.0062,0.00611,2,10,0.001860939,3%,1.15E-05,0.99,0.06353268,0.000388185,0.000376647,0.022598811,0.634798062,6.556,10:02:16,10:28:11,6,Littorine_TP14_10C_15Sept2019.csv,,0:25:55,
Littorine14,19-Sep,Littorine,15-Sep-19,14,0.00009,0.4866,0.0356,0.0062,0.00611,2,18,0.003334445,3%,2.07E-05,0.99,0.1065826,0.00065122,0.000630546,0.037832768,1.062718202,6.071,12:52:24,13:08:03,6,Littorine_TP14_18C_15Sept2019.csv,,0:15:39,
Littorine14,19-Sep,Littorine,15-Sep-19,14,0.00009,0.4866,0.0356,0.0062,0.00611,2,26,0.002623422,3%,1.63E-05,0.99,0.08067146,0.000492903,0.000476637,0.028598244,0.803321461,5.341,15:24:05,15:42:03,6,Littorine_TP14_26C_15Sept2019.csv,,0:17:58,
Littorine28,19-Sep,Littorine,15-Sep-19,28,0.0001,0.5789,0.0309,0.0062,0.0061,2,10,0.001860939,5%,1.15E-05,0.99,0.03541819,0.000216051,0.000204513,0.012270788,0.39711288,6.756,10:02:16,10:44:46,5,Littorine_TP28_10C_15Sept2019.csv,,0:42:30,
Littorine28,19-Sep,Littorine,15-Sep-19,28,0.0001,0.5789,0.0309,0.0062,0.0061,2,18,0.003334445,5%,2.07E-05,0.99,0.07378313,0.000450077,0.000429404,0.025764212,0.833793269,6.099,12:52:24,13:14:39,5,Littorine_TP28_18C_15Sept2019.csv,,0:22:15,
Littorine28,19-Sep,Littorine,15-Sep-19,28,0.0001,0.5789,0.0309,0.0062,0.0061,2,26,0.002623422,2%,1.63E-05,0.99,0.1526225,0.000930997,0.000914732,0.054883922,1.776178706,5.327,15:24:05,15:34:18,5,Littorine_TP28_26C_15Sept2019.csv,,0:10:13,