ID,Timepoint,TempDate,Pool,Species,Min,Max,Range,Median,Mean,dailyavg,Var,St.Dev,X90max,X95max,X90min,dailymax,daily90,daily95,dailymin,dailyrange,Q10,PC1,PC2
Hermit10,19-Mar,1Day,Pool10,Hermit,5.77,9.534,3.764,6.8515,7.226309028,7.226309028,1.53272457,1.23803254,9.079,9.31885,5.872,9.534,9.079,9.31885,5.77,3.764,1.227733486,-3.684721389,-0.348877494
Hermit10,19-Mar,1Month,Pool10,Hermit,0.715,10.247,9.532,6.204,5.78410808,5.788244941,3.33029588,1.824909828,7.619,8.295,2.823,7.673,4.42542,7.43981,4.056833333,3.616166667,1.227733486,-4.663639027,1.532779621
Hermit10,19-Mar,1Week,Pool10,Hermit,4.973,10.247,5.274,6.889,7.127983417,7.128381095,1.330483698,1.15346595,8.9185,9.509,5.821,9.415571429,5.875714286,9.112964286,5.491428571,3.924142857,1.227733486,-3.878993343,-0.077590473
Hermit10,19-Sep,1Day,Pool10,Hermit,13.401,17.486,4.085,15.27,15.22791319,15.22791319,1.477606735,1.215568482,17.0892,17.391,13.5628,17.486,17.0892,17.391,13.401,4.085,1.588916023,1.630831027,-1.932975424
Hermit10,19-Sep,1Month,Pool10,Hermit,10.467,22.321,11.854,14.768,15.21509112,15.21509112,5.282457096,2.298359653,18.176,19.7664,12.678,17.76839394,13.66257273,17.47672273,13.42890909,4.339484848,1.588916023,2.208870816,0.529911264
Hermit10,19-Sep,1Week,Pool10,Hermit,12.074,18.129,6.055,14.337,14.74626091,14.74626091,1.774419223,1.33207328,16.844,17.37375,13.329,17.265,13.28758571,16.87787857,13.10142857,4.163571429,1.588916023,1.278924934,-1.34105719
Hermit12,19-Jul,1Day,Pool12,Hermit,14.625,23.954,9.329,17.843,17.96249306,17.96249306,7.33854901,2.708975639,22.5922,23.5366,15.079,23.954,22.5922,23.5366,14.625,9.329,1.516620951,5.274488624,0.864039741
Hermit12,19-Jul,1Month,Pool12,Hermit,11.005,24.726,13.721,15.796,16.25443885,16.25479344,5.490826853,2.343251342,19.651,21.103,13.882,19.90419355,14.52475161,19.47951774,14.3293871,5.574806452,1.516620951,3.235928476,0.826166286
Hermit12,19-Jul,1Week,Pool12,Hermit,14.266,20.031,5.765,15.414,15.81916419,15.81916419,1.527383435,1.235873551,17.665,18.56275,14.625,18.24728571,14.98235714,17.69718571,14.72714286,3.520142857,1.516620951,2.053339406,-1.892749035
Hermit12,19-Sep,1Day,Pool12,Hermit,14.098,17.058,2.96,15.127,15.26968056,15.26968056,0.700144358,0.836746292,16.6842,16.8836,14.2828,17.058,16.6842,16.8836,14.098,2.96,1.452915426,1.392079412,-2.670767741
Hermit12,19-Sep,1Month,Pool12,Hermit,10.394,22.202,11.808,14.745,15.24461198,15.24461198,5.835226878,2.415621427,18.366,20.079,12.558,18.1279697,13.61222424,17.76779091,13.34245455,4.785515152,1.452915426,2.326208648,0.76335675
Hermit12,19-Sep,1Week,Pool12,Hermit,12.219,20.126,7.907,14.433,15.03236062,15.03236062,2.977736877,1.72561203,18.129,18.771,13.305,18.31442857,13.29041429,17.97753571,13.02942857,5.285,1.452915426,1.92186455,-0.524176568
Hermit13,19-Mar,1Day,Pool13,Hermit,6.306,11.953,5.647,8.145,8.387809028,8.387809028,3.099912754,1.76065691,11.2874,11.686,6.4762,11.953,11.2874,11.686,6.306,5.647,1.346115971,-2.29172362,0.536430782
Hermit13,19-Mar,1Month,Pool13,Hermit,1.94,11.613,9.673,6.357,6.292743093,6.296338552,2.242358941,1.497450814,7.795,8.817,4.246,7.9268,5.214053333,7.728486667,4.91,3.0168,1.346115971,-4.375558969,0.910674513
Hermit13,19-Mar,1Week,Pool13,Hermit,5.488,11.613,6.125,7.041,7.553730151,7.552876533,1.878965447,1.370753606,9.805,10.8232,6.204,10.182,6.408142857,9.737714286,6.140857143,4.041142857,1.346115971,-3.359230527,0.165851281
Hermit14,19-Sep,1Day,Pool14,Hermit,14.122,21.318,7.196,15.497,16.56906944,16.56906944,5.052666992,2.247813825,20.412,20.9996,14.2588,21.318,20.412,20.9996,14.122,7.196,1.103279134,3.693134285,-0.118791614
Hermit14,19-Sep,1Month,Pool14,Hermit,10.418,24.581,14.163,15.39,15.831135,15.831135,7.978416367,2.824609064,19.722,21.39,12.751,19.83563636,13.87691212,19.43384697,13.70242424,6.133212121,1.103279134,3.244404971,1.767302951
Hermit14,19-Sep,1Week,Pool14,Hermit,12.243,22.369,10.126,14.673,15.49447768,15.49447768,5.257397759,2.292901603,19.389,20.91875,13.546,20.339,13.55665714,19.61445714,13.40385714,6.935142857,1.103279134,2.902192332,0.646522623
Hermit15,19-Mar,1Day,Pool15,Hermit,5.949,11.686,5.737,8.195,8.382215278,8.382215278,3.186733619,1.785142465,10.9875,11.4346,6.1455,11.686,10.9875,11.4346,5.949,5.737,1.13730976,-2.414867413,0.636528733
Hermit15,19-Mar,1Month,Pool15,Hermit,-1.015,11.637,12.652,6.331,5.821542837,5.828134347,6.236159925,2.497230451,8.419,9.78,1.94,8.736033333,3.91365,8.213386667,3.4147,5.321333333,1.13730976,-4.118743846,3.168455034
Hermit15,19-Mar,1Week,Pool15,Hermit,5.796,11.637,5.841,7.393,7.922250754,7.923407616,2.096654661,1.447982963,10.2494,10.858,6.458,10.25542857,6.559271429,9.879285714,6.413714286,3.841714286,1.13730976,-3.198233718,0.113148527
Hermit16,19-Mar,1Day,Pool16,Hermit,6.382,8.27,1.888,7.594,7.439190972,7.439190972,0.386342956,0.621564925,8.17,8.245,6.433,8.27,8.17,8.245,6.382,1.888,1.550918752,-4.193374778,-1.505509269
Hermit16,19-Mar,1Month,Pool16,Hermit,2.074,8.792,6.718,6.179,5.934414209,5.937885965,1.706740036,1.30642261,7.318,7.82,3.958,7.03903333,5.00945,6.9103,4.71196667,2.32706667,1.550918752,-4.943107176,0.278383532
Hermit16,19-Mar,1Week,Pool16,Hermit,5.539,8.792,3.253,6.94,7.095392462,7.095298482,0.492179441,0.701555016,8.12,8.27,6.255,8.340571429,6.267928571,8.168321429,6.010571429,2.33,1.550918752,-4.343317892,-1.061580274
Hermit18,19-Jul,1Day,Pool18,Hermit,13.81,19.436,5.626,16.153,16.11555208,16.11555208,2.611612032,1.616048277,18.485,18.7626,14.314,19.436,18.485,18.7626,13.81,5.626,1.196408942,2.646151904,-1.240805193
Hermit18,19-Jul,1Month,Pool18,Hermit,11.078,22.369,11.291,15.605,15.90845589,15.90868835,3.4973808,1.870128552,18.461,19.436,13.786,18.75358065,14.44706452,18.43513387,14.24851613,4.505064516,1.196408942,2.483652629,-0.205803463
Hermit18,19-Jul,1Week,Pool18,Hermit,14.194,19.484,5.29,15.318,15.652812,15.652812,1.17662063,1.084721453,17.153,17.915,14.553,17.76514286,14.88654286,17.29547143,14.66557143,3.099571429,1.196408942,1.791663648,-2.146113715
Hermit18,19-Mar,1Day,Pool18,Hermit,5.102,10.418,5.316,7.82,7.58315625,7.58315625,2.287358216,1.512401473,9.8122,10.3191,5.4292,10.418,9.8122,10.3191,5.102,5.316,1.796409284,-3.168169438,0.387810203
Hermit18,19-Mar,1Month,Pool18,Hermit,1.588,10.198,8.61,6.23,6.075620269,6.078670974,1.907164287,1.38100119,7.494,8.095,4.115,7.432866667,4.962193333,7.290665,4.598066667,2.8348,1.796409284,-4.709888539,0.67826617
Hermit18,19-Mar,1Week,Pool18,Hermit,5.231,10.198,4.967,6.94,7.15578191,7.154925702,1.129648864,1.062849408,8.618,9.48695,5.949,9.252428571,6.0015,8.953728571,5.612285714,3.640142857,1.796409284,-3.929214746,-0.272045232
Hermit18,19-Sep,1Day,Pool18,Hermit,13.978,17.13,3.152,15.008,15.22544444,15.22544444,0.822926081,0.907152733,16.6842,17.02595,14.218,17.13,16.6842,17.02595,13.978,3.152,2.00314943,1.421185128,-2.537787961
Hermit18,19-Sep,1Month,Pool18,Hermit,10.296,20.531,10.235,14.481,14.88939352,14.88939352,4.421026522,2.102623723,17.843,18.652,12.509,17.00336364,13.4861303,16.70667879,13.21348485,3.789878788,2.00314943,1.717168634,0.04016896
Hermit18,19-Sep,1Week,Pool18,Hermit,12.147,18.366,6.219,14.3255,14.65388393,14.65388393,1.531216309,1.237423254,16.415,17.225,13.245,16.93114286,13.22948571,16.3975,12.94342857,3.987714286,2.00314943,1.152982679,-1.430232386
Hermit19,19-Sep,1Day,Pool19,Hermit,14.098,16.106,2.008,15.008,15.03589931,15.03589931,0.253113868,0.503104232,15.7,15.97795,14.385,16.106,15.7,15.97795,14.098,2.008,1.804805831,0.893815175,-3.179083733
Hermit19,19-Sep,1Month,Pool19,Hermit,10.834,20.77,9.936,14.697,15.10928946,15.10928946,4.199737976,2.049326225,17.986,18.771,12.654,17.55275758,13.77070606,17.02908333,13.50069697,4.052060606,1.804805831,1.890398666,-0.076068273
Hermit19,19-Sep,1Week,Pool19,Hermit,12.727,18.271,5.544,14.553,14.92310714,14.92310714,1.509947414,1.228799176,16.725,17.112,13.57,17.03028571,13.55977143,16.81125,13.26357143,3.766714286,1.804805831,1.282491828,-1.633698512
Hermit2,19-Jul,1Day,Pool2,Hermit,14.625,24.677,10.052,17.498,18.04338542,18.04338542,8.307909171,2.882344388,23.304,24.2178,15.1438,24.677,23.304,24.2178,14.625,10.052,1.37134236,5.631378254,1.304579725
Hermit2,19-Jul,1Month,Pool2,Hermit,11.127,24.629,13.502,15.724,16.09953559,16.09977457,4.712183154,2.170756355,18.866,20.674,13.786,19.71025806,14.56185161,19.2530871,14.29754839,5.412709677,1.37134236,3.039372725,0.561168073
Hermit2,19-Jul,1Week,Pool2,Hermit,14.314,20.293,5.979,15.438,15.80555804,15.80555804,1.27535373,1.129315602,17.558,18.206,14.697,18.63828571,14.95394286,17.9272,14.73742857,3.900857143,1.37134236,2.085386004,-1.910216237
Hermit2,19-Sep,1Day,Pool2,Hermit,14.218,17.153,2.935,15.127,15.21717708,15.21717708,0.521872174,0.722407208,16.3584,16.8752,14.4018,17.153,16.3584,16.8752,14.218,2.935,1.976803934,1.34945024,-2.774812451
Hermit2,19-Sep,1Month,Pool2,Hermit,11.2,22.274,11.074,14.84,15.34780293,15.34780293,4.89195627,2.211776722,18.366,19.4804,12.871,18.52230303,13.84854545,17.98262424,13.52866667,4.993636364,1.976803934,2.352862704,0.381758355
Hermit2,19-Sep,1Week,Pool2,Hermit,12.364,21.676,9.312,14.625,15.28501042,15.28501042,3.416365778,1.848341359,18.2,19.365,13.546,19.10357143,13.52848571,18.73443571,13.21171429,5.891857143,1.976803934,2.319341655,-0.157098818
Hermit20,19-Mar,1Day,Pool20,Hermit,6.408,11.929,5.521,7.795,8.278385417,8.278385417,2.2833506,1.511075974,11.127,11.7172,6.535,11.929,11.127,11.7172,6.408,5.521,1.447047563,-2.420940552,0.241703367
Hermit20,19-Mar,1Month,Pool20,Hermit,2.343,12.195,9.852,6.357,6.379158463,6.382093963,1.812396522,1.34625277,7.795,8.444,4.7738,8.563333333,5.356743333,8.07324,5.011533333,3.5518,1.447047563,-4.240122693,0.816758341
Hermit20,19-Mar,1Week,Pool20,Hermit,5.693,12.195,6.502,7.015,7.421980402,7.421112023,1.721249865,1.311964125,9.0175,10.712,6.204,10.56542857,6.323214286,9.869121429,6.021571429,4.543857143,1.447047563,-3.341809137,0.241879456
Hermit22,19-Jul,1Day,Pool22,Hermit,14.864,22.106,7.242,17.308,17.63222917,17.63222917,4.982934902,2.232248844,20.4504,21.366,14.984,22.106,20.4504,21.366,14.864,7.242,1.694180644,4.18236366,-0.306112651
Hermit22,19-Jul,1Month,Pool22,Hermit,11.37,24.195,12.825,16.106,16.34535534,16.34589827,4.160944882,2.039839425,19.056,20.246,14.314,19.60309677,14.80924516,19.20966935,14.62767742,4.975419355,1.694180644,3.032659949,0.171654298
Hermit22,19-Jul,1Week,Pool22,Hermit,14.29,19.793,5.503,15.652,15.94786359,15.94786359,1.580620623,1.257227355,17.463,18.824,14.553,18.02657143,15.05428571,17.62839286,14.82257143,3.204,1.694180644,2.042072096,-1.971007951
Hermit22,19-Sep,1Day,Pool22,Hermit,14.457,19.341,4.884,15.031,15.91845139,15.91845139,2.410609377,1.552613724,18.5639,18.937,14.601,19.341,18.5639,18.937,14.457,4.884,2.320303986,2.558960418,-1.546493862
Hermit22,19-Sep,1Month,Pool22,Hermit,11.686,25.671,13.985,14.864,15.39736059,15.39736059,5.29065261,2.300141867,18.438,19.484,12.727,18.22936364,13.96823333,17.86457879,13.80475758,4.424606061,2.320303986,2.596672601,0.724159506
Hermit22,19-Sep,1Week,Pool22,Hermit,12.389,21.056,8.667,14.505,15.11474107,15.11474107,3.390073104,1.841215116,17.962,19.478,13.425,18.93357143,13.51085714,18.38351429,13.30471429,5.628857143,2.320303986,2.187661782,-0.275080446
Hermit23,19-Jul,1Day,Pool23,Hermit,14.074,21.915,7.841,15.33,16.28422569,16.28422569,4.184143966,2.045518019,18.5944,20.2025,14.194,21.915,18.5944,20.2025,14.074,7.841,1.716545537,3.412800109,-0.11094716
Hermit23,19-Jul,1Month,Pool23,Hermit,11.467,34.281,22.814,16.034,16.37639525,16.37700624,6.329794718,2.515908329,18.818,20.341,14.266,20.60696774,14.78449677,19.94176935,14.60380645,6.00316129,1.716545537,4.079718194,2.160088431
Hermit23,19-Jul,1Week,Pool23,Hermit,14.29,20.222,5.932,15.664,15.94288591,15.94288591,1.516037495,1.231274744,17.32,18.705,14.601,18.05728571,15.08528571,17.6364,14.83628571,3.221,1.716545537,2.059886752,-1.945425236
Hermit23,19-Sep,1Day,Pool23,Hermit,14.29,18.794,4.504,15.079,15.87289583,15.87289583,2.216791446,1.488889333,18.5162,18.723,14.5218,18.794,18.5162,18.723,14.29,4.504,1.197116385,2.393741762,-1.705624761
Hermit23,19-Sep,1Month,Pool23,Hermit,11.565,28.419,16.854,14.745,15.32636311,15.32636311,5.545885003,2.354970276,18.295,19.246,12.678,18.39087879,13.93604545,17.89930303,13.73784848,4.653030303,1.197116385,2.790979984,1.196283105
Hermit23,19-Sep,1Week,Pool23,Hermit,12.364,20.269,7.905,14.457,14.99240377,14.99240377,2.760065218,1.661344401,17.772,18.87175,13.522,18.60685714,13.51457143,17.99779286,13.29757143,5.309285714,1.197116385,1.956264807,-0.620774544
Hermit24,19-Jul,1Day,Pool24,Hermit,13.57,27.112,13.542,18.4735,19.17989931,19.17989931,23.68247581,4.866464405,26.3605,26.6866,13.834,27.112,26.3605,26.6866,13.57,13.542,1.465446941,7.847277583,5.721575467
Hermit24,19-Jul,1Month,Pool24,Hermit,10.98,29.315,18.335,17.034,18.28360027,18.28483588,14.06305887,3.750074515,24.363,26.231,14.649,24.64887097,14.89854194,24.06210806,14.66145161,9.987419355,1.465446941,5.949661194,4.071470183
Hermit24,19-Jul,1Week,Pool24,Hermit,14.314,25.768,11.454,16.511,17.35177728,17.35177728,6.940046633,2.634396825,21.676,22.735,14.649,22.738,15.07725714,21.8586,14.79871429,7.939285714,1.465446941,4.4412659,1.08655841
Hermit24,19-Sep,1Day,Pool24,Hermit,12.606,21.628,9.022,15.402,16.1318889,16.1318889,8.78580179,2.96408532,21.246,21.3816,12.799,21.628,21.246,21.3816,12.606,9.022,1.179119863,4.017506147,1.557605968
Hermit24,19-Sep,1Month,Pool24,Hermit,8.941,25.72,16.779,15.509,16.02359659,16.02359659,12.33699891,3.512406427,21.27,23.16,12.268,21.35539394,13.21909394,20.76854848,12.98224242,8.373151515,1.179119863,4.025417192,3.628273656
Hermit24,19-Sep,1Week,Pool24,Hermit,10.932,24.557,13.625,14.302,15.60784772,15.60784772,10.1766617,3.190088039,21.175,22.753,12.703,22.23585714,12.71265714,21.56316429,12.41785714,9.818,1.179119863,3.852732382,2.970930921
Hermit28,19-Jul,1Day,Pool28,Hermit,14.242,24.508,10.266,17.2605,17.53692014,17.53692014,10.71636087,3.273585323,23.8861,24.3462,14.3538,24.508,23.8861,24.3462,14.242,10.266,1.807757896,5.720893848,2.02667299
Hermit28,19-Jul,1Month,Pool28,Hermit,11.904,26.28,14.376,16.511,17.12988779,17.13120269,7.473054747,2.733688853,21.223,23.208,14.577,21.34070968,15.0265871,20.98537581,14.77732258,6.563387097,1.807757896,4.19548745,1.455185415
Hermit28,19-Jul,1Week,Pool28,Hermit,14.218,21.748,7.53,15.843,16.34986905,16.34986905,2.982191036,1.72690215,18.973,20.222,14.685,19.37642857,15.14108571,18.91497857,14.77128571,4.605142857,1.807757896,2.793462386,-1.021759909
Hermit28,19-Mar,1Day,Pool28,Hermit,6.535,13.642,7.107,9.509,9.672760417,9.672760417,5.534564705,2.352565558,13.1682,13.329,6.7045,13.642,13.1682,13.329,6.535,7.107,1.429691004,-1.110036412,1.503170222
Hermit28,19-Mar,1Month,Pool28,Hermit,1.398,15.223,13.825,6.357,6.466436499,6.474040496,4.780252207,2.186378789,8.717,10.907,3.985,9.040533333,4.959766667,8.685626667,4.612166667,4.428366667,1.429691004,-3.552889836,2.489299442
Hermit28,19-Mar,1Week,Pool28,Hermit,5.539,15.223,9.684,7.77,8.750611055,8.753741014,6.037957535,2.457225577,12.823,13.618,6.509,13.54071429,6.603928571,13.00167857,6.314,7.226714286,1.429691004,-1.594838822,2.30524495
Hermit28,19-Sep,1Day,Pool28,Hermit,14.314,16.368,2.054,14.936,15.26542708,15.26542708,0.375968273,0.613162518,16.249,16.32,14.553,16.368,16.249,16.32,14.314,2.054,2.229996148,1.099903073,-3.127444397
Hermit28,19-Sep,1Month,Pool28,Hermit,11.613,24.653,13.04,15.247,15.85988394,15.85988394,7.490106787,2.736805946,19.603,21.39,12.92,19.47987879,14.10425152,19.05294697,13.92984848,5.550030303,2.229996148,3.180782105,1.345789949
Hermit28,19-Sep,1Week,Pool28,Hermit,12.582,21.413,8.831,14.745,15.51916171,15.51916171,4.549609943,2.132981468,19.318,20.365,13.714,19.52842857,13.69432857,19.19382143,13.56928571,5.959142857,2.229996148,2.645628571,0.090520152
Hermit29,19-Mar,1Day,Pool29,Hermit,7.217,10.1,2.883,8.2825,8.542635417,8.542635417,1.099980142,1.048799381,10.051,10.075,7.318,10.1,10.051,10.075,7.217,2.883,1.156778402,-3.091841172,-1.069150104
Hermit29,19-Mar,1Month,Pool29,Hermit,1.208,11.832,10.624,6.306,6.172661946,6.17867092,3.333530151,1.825795758,8.07,9.485,3.617,7.7709,5.007083333,7.602625,4.677066667,3.093833333,1.156778402,-4.312856388,1.47466094
Hermit29,19-Mar,1Week,Pool29,Hermit,5.462,11.832,6.37,7.594,8.035482915,8.037211184,2.347960872,1.532305737,10.394,11.029,6.484,10.324,6.5786,10.17144286,6.281428571,4.042571429,1.156778402,-3.094335042,0.304315327
Hermit3,19-Jul,1Day,Pool3,Hermit,14.936,19.651,4.715,16.046,16.66947222,16.66947222,1.792078536,1.338685376,18.652,18.9442,15.4068,19.651,18.652,18.9442,14.936,4.715,1.681251084,2.775058998,-1.946342043
Hermit3,19-Jul,1Month,Pool3,Hermit,11.662,20.246,8.584,15.676,15.64479094,15.64436772,2.134938265,1.461142794,17.463,18.2,13.642,17.73758065,14.6701,17.41003226,14.46196774,3.275612903,1.681251084,1.88525759,-1.211898629
Hermit3,19-Jul,1Week,Pool3,Hermit,14.314,18.604,4.29,15.4495,15.72322024,15.72322024,0.813865764,0.90214509,16.915,17.534,14.745,17.262,15.08214286,16.9893,14.82971429,2.432285714,1.681251084,1.606638783,-2.575183942
Hermit3,19-Mar,1Day,Pool3,Hermit,4.869,8.22,3.351,7.192,6.750861111,6.750861111,1.313135946,1.14592144,7.97,8.16125,4.973,8.22,7.97,8.16125,4.869,3.351,1.186727547,-4.308915829,-0.412331978
Hermit3,19-Mar,1Month,Pool3,Hermit,1.398,8.891,7.493,6.179,5.808032157,5.810973816,1.968045656,1.402870506,7.217,7.444,3.512,6.890066667,4.859913333,6.788688333,4.578633333,2.311433333,1.186727547,-5.022261127,0.522281166
Hermit3,19-Mar,1Week,Pool3,Hermit,5.462,8.891,3.429,6.813,6.801875879,6.801665559,0.446219357,0.667996524,7.695,7.845,5.872,8.048,5.970357143,7.870392857,5.693,2.355,1.186727547,-4.521478213,-1.00894005
Hermit3,19-Sep,1Day,Pool3,Hermit,14.218,15.915,1.697,15.031,14.982375,14.982375,0.253578807,0.50356609,15.8029,15.891,14.3301,15.915,15.8029,15.891,14.218,1.697,1.480311651,0.849971712,-3.276770057
Hermit3,19-Sep,1Month,Pool3,Hermit,11.443,19.841,8.398,14.361,14.91955903,14.91955903,3.562494476,1.887457146,17.629,18.343,12.775,16.50245455,13.8989303,16.25545758,13.70469697,2.797757576,1.480311651,1.52940956,-0.687321343
Hermit3,19-Sep,1Week,Pool3,Hermit,12.727,16.939,4.212,14.361,14.62376984,14.62376984,0.87848663,0.937276176,16.058,16.35,13.618,16.10471429,13.60194286,15.81822857,13.39442857,2.710285714,1.480311651,0.815541918,-2.23367628
Hermit31,19-Mar,1Day,Pool31,Hermit,6.306,12.437,6.131,7.6195,8.0965,8.0965,3.07050354,1.752285234,11.1729,12.02445,6.382,12.437,11.1729,12.02445,6.306,6.131,1.764618348,-2.248924217,0.703472113
Hermit31,19-Mar,1Month,Pool31,Hermit,-0.088,12.437,12.525,6.077,5.640395287,5.645298005,4.70398008,2.168866082,7.7625,8.767,2.262,7.942066667,4.346416667,7.61612,4.048933333,3.893133333,1.764618348,-4.395356794,2.418017701
Hermit31,19-Mar,1Week,Pool31,Hermit,5.102,12.437,7.335,6.813,7.332268844,7.331460697,2.646269334,1.626735791,9.977,11.053,5.719,11.17728571,5.839271429,10.50764286,5.608142857,5.569142857,1.764618348,-3.131223833,0.922458787
Hermit32,19-Sep,1Day,Pool32,Hermit,14.457,17.915,3.458,16.237,16.19755556,16.19755556,1.272768359,1.128170359,17.772,17.819,14.984,17.915,17.772,17.819,14.457,3.458,1.468926282,2.081784739,-2.42280668
Hermit32,19-Sep,1Month,Pool32,Hermit,10.785,24.629,13.844,15.652,16.27148159,16.27148159,7.078453573,2.660536332,19.984,21.342,13.329,19.50693939,14.54523939,19.13502424,14.37021212,5.136727273,1.468926282,3.269483183,1.223027682
Hermit32,19-Sep,1Week,Pool32,Hermit,13.016,21.318,8.302,15.175,15.75550794,15.75550794,3.641542438,1.908282589,18.913,20.031,13.906,19.19214286,14.13025714,18.51476429,13.99428571,5.197857143,1.468926282,2.534881405,-0.444532513
Hermit6,19-Jul,1Day,Pool6,Hermit,14.385,24.436,10.051,17.427,17.79060764,17.79060764,6.967347856,2.639573423,22.1828,23.2944,15.1126,24.436,22.1828,23.2944,14.385,10.051,1.225917587,5.226459189,1.022136982
Hermit6,19-Jul,1Month,Pool6,Hermit,10.761,25.841,15.08,15.891,16.3425097,16.34314512,5.844835879,2.417609538,19.484,21.724,13.954,20.46258065,14.577,19.93093871,14.32977419,6.132806452,1.225917587,3.480463175,1.182402923
Hermit6,19-Jul,1Week,Pool6,Hermit,14.337,20.222,5.885,15.533,15.88087748,15.88087748,1.425062858,1.193759967,17.582,18.42,14.697,18.533,15.00371429,17.88161429,14.76485714,3.768142857,1.225917587,2.11208303,-1.89149721
Hermit6,19-Sep,1Day,Pool6,Hermit,13.93,18.461,4.531,15.103,15.44052083,15.44052083,1.488625874,1.220092568,17.6842,18.2866,14.266,18.461,17.6842,18.2866,13.93,4.531,1.863212884,2.045249156,-1.886129358
Hermit6,19-Sep,1Month,Pool6,Hermit,9.952,23.184,13.232,14.792,15.27552462,15.27552462,5.999731314,2.449434897,18.533,20.031,12.606,18.66442424,13.52377879,18.18379697,13.19712121,5.46730303,1.863212884,2.504021837,1.114257687
Hermit6,19-Sep,1Week,Pool6,Hermit,11.88,21.795,9.915,14.529,15.26014038,15.26014038,4.302021791,2.074131575,18.8775,20.10875,13.269,19.66828571,13.23634286,19.06999286,12.87414286,6.794142857,1.863212884,2.525536548,0.391603167
Littorine10,19-Jul,1Day,Pool10,Littorine,15.772,22.872,7.1,16.642,17.74360417,17.74360417,5.181266477,2.276239547,22.2332,22.6162,16.034,22.872,22.2332,22.6162,15.772,7.1,1.528466697,4.712065998,-0.434923639
Littorine10,19-Jul,1Month,Pool10,Littorine,11.127,25.355,14.228,16.201,16.75091212,16.75109385,5.477332441,2.34037015,20.269,21.724,14.625,20.69974194,14.8709871,20.24387581,14.68787097,6.011870968,1.528466697,3.63421393,0.868366288
Littorine10,19-Jul,1Week,Pool10,Littorine,14.026,23.713,9.687,15.652,16.30519494,16.30519494,4.11854477,2.029419811,18.937,21.706,14.553,20.14914286,14.80797143,19.59427857,14.64842857,5.500714286,1.528466697,3.19946913,-0.219791879
Littorine10,19-Mar,1Day,Pool10,Littorine,5.257,8.444,3.187,6.788,6.652660777,6.652660777,0.821382821,0.906301727,7.97,8.045,5.411,8.444,7.97,8.045,5.257,3.187,1.367541766,-4.348476982,-0.707738123
Littorine10,19-Mar,1Month,Pool10,Littorine,-0.227,9.336,9.563,5.437,4.929489224,4.929489224,3.969416574,1.992339473,7.142,7.469,1.832,6.832689655,3.400837931,6.653915517,2.974103448,3.858586207,1.367541766,-5.160753382,1.971148251
Littorine10,19-Mar,1Week,Pool10,Littorine,5.154,8.866,3.712,6.965,6.917303075,6.917303075,0.4597447,0.678044762,7.695,8.095,6.153,8.318428571,6.130814286,7.988321429,5.994571429,2.323857143,1.367541766,-4.430599405,-0.996799448
Littorine11,19-Mar,1Day,Pool11,Littorine,5.308,8.22,2.912,6.661,6.597978799,6.597978799,0.631784929,0.794848997,7.92,8.02,5.596,8.22,7.92,8.02,5.308,2.912,1.251219022,-4.432636321,-0.886017903
Littorine11,19-Mar,1Month,Pool11,Littorine,0.384,8.27,7.886,5.488,4.955045618,4.955045618,3.651231396,1.910819561,7.091,7.368,1.994,6.612517241,3.639827586,6.507422414,3.270862069,3.341655172,1.251219022,-5.270171235,1.534503595
Littorine11,19-Mar,1Week,Pool11,Littorine,5.308,8.27,2.962,6.99,6.87506746,6.87506746,0.359423779,0.599519624,7.594,7.72,6.102,7.898142857,6.171242857,7.711964286,6.060285714,1.837857143,1.251219022,-4.586483036,-1.239179416
Littorine13,19-Mar,1Day,Pool13,Littorine,5.616,8.519,2.903,6.737,6.768579505,6.768579505,0.609837464,0.780920908,8.02,8.095,5.75,8.519,8.02,8.095,5.616,2.903,0.958756421,-4.320380031,-0.941826513
Littorine13,19-Mar,1Month,Pool13,Littorine,1.262,9.78,8.518,5.872,5.561425168,5.561425168,2.213704884,1.48785244,7.091,7.444,3.301,6.970482759,4.351662069,6.85222931,3.983344828,2.987137931,0.958756421,-5.009395072,0.917277561
Littorine13,19-Mar,1Week,Pool13,Littorine,5.591,9.78,4.189,6.965,7.041016369,7.041016369,0.61380751,0.783458684,7.845,8.87225,6.281,8.243571429,6.377785714,8.0946,6.290285714,1.953285714,0.958756421,-4.25668318,-0.955598764
Littorine14,19-Jul,1Day,Pool14,Littorine,15.175,19.151,3.976,16.022,16.69290278,16.69290278,1.629092283,1.276358995,18.8324,19.032,15.4068,19.151,18.8324,19.032,15.175,3.976,1.511375335,2.688152097,-2.243272374
Littorine14,19-Jul,1Month,Pool14,Littorine,11.759,28.221,16.462,16.844,17.69030389,17.69036811,8.458810107,2.90840336,21.963,23.593,14.912,22.79022581,15.26032903,22.31186774,15.04890323,7.741322581,1.511375335,4.839518884,2.096360156
Littorine14,19-Jul,1Week,Pool14,Littorine,14.002,26.695,12.693,16.38,17.31282242,17.31282242,8.315485892,2.883658422,21.318,24.297,14.577,22.31485714,15.07237143,21.67074286,14.97214286,7.342714286,1.511375335,4.57685654,1.509575143
Littorine14,19-Sep,1Day,Pool14,Littorine,12.219,16.106,3.887,13.822,13.71218056,13.71218056,1.069864922,1.034342749,15.0622,15.6038,12.364,16.106,15.0622,15.6038,12.219,3.887,1.117447676,0.543997127,-1.86626232
Littorine14,19-Sep,1Month,Pool14,Littorine,10.418,24.581,14.163,14.888,15.44287522,15.44287522,6.435819342,2.536891669,19.151,20.198,12.703,19.24025,13.62691563,18.83506719,13.44965625,5.79059375,1.117447676,2.833532948,1.355266283
Littorine14,19-Sep,1Week,Pool14,Littorine,13.04,22.369,9.329,15.366,16.13503522,16.13503522,4.777844031,2.185827997,19.853,21.079,14.17,19.98242857,14.16634286,19.80631429,13.99457143,5.987857143,1.117447676,3.060203689,0.115601564
Littorine15,19-Mar,1Day,Pool15,Littorine,6.102,10.124,4.022,7.97,7.910469965,7.910469965,1.952692172,1.397387624,9.928,10.0485,6.2092,10.124,9.928,10.0485,6.102,4.022,1.148378246,-3.175592785,-0.236553783
Littorine15,19-Mar,1Month,Pool15,Littorine,-2.102,11.492,13.594,5.462,4.730016882,4.730016882,6.811487596,2.609882679,7.368,8.07,0.605,7.925724138,2.372251724,7.445462069,1.739586207,6.186137931,1.148378246,-4.72171429,3.844609007
Littorine15,19-Mar,1Week,Pool15,Littorine,4.558,11.492,6.934,6.99,7.162695933,7.162695933,1.49781654,1.223853153,8.568,9.805,6.026,10.215,6.029885714,9.4214,5.671857143,4.543142857,1.148378246,-3.637484869,0.285961923
Littorine18,19-Sep,1Day,Pool18,Littorine,13.449,15.175,1.726,14.29,14.29363889,14.29363889,0.121960747,0.349228789,14.8304,15.055,13.906,15.175,14.8304,15.055,13.449,1.726,1.772033686,0.315618113,-3.231521932
Littorine18,19-Sep,1Month,Pool18,Littorine,10.296,20.531,10.235,14.242,14.54524371,14.54524371,3.250781892,1.802992482,17.106,17.754,12.485,16.49078125,13.27517188,16.2007125,12.99590625,3.494875,1.772033686,1.36783134,-0.327369892
Littorine18,19-Sep,1Week,Pool18,Littorine,12.606,18.366,5.76,14.864,15.00480357,15.00480357,1.36592218,1.168726734,16.773,17.231,13.606,17.06071429,13.5808,16.8781,13.31485714,3.745857143,1.772033686,1.318144809,-1.677965462
Littorine19,19-Jul,1Day,Pool19,Littorine,14.266,16.987,2.721,15.557,15.36001736,15.36001736,0.556858379,0.746229442,16.4133,16.77955,14.314,16.987,16.4133,16.77955,14.266,2.721,1.065250993,1.357932128,-2.836848898
Littorine19,19-Jul,1Month,Pool19,Littorine,11.321,23.713,12.392,15.939,16.35445869,16.35454857,4.018345816,2.004581207,19.199,20.865,14.529,19.65883871,14.75273548,19.17815,14.54203226,5.116806452,1.065250993,3.03156913,0.106659727
Littorine19,19-Jul,1Week,Pool19,Littorine,14.266,22.226,7.96,15.485,16.20633581,16.20633581,3.6544886,1.911671677,19.318,21.038,14.577,19.76542857,14.78754286,19.17675714,14.57014286,5.195285714,1.065250993,2.952935027,-0.620056622
Littorine19,19-Sep,1Day,Pool19,Littorine,13.449,14.745,1.296,14.242,14.24421181,14.24421181,0.082492997,0.287215941,14.601,14.649,13.786,14.745,14.601,14.649,13.449,1.296,1.504812707,0.133804825,-3.385995394
Littorine19,19-Sep,1Month,Pool19,Littorine,10.834,20.674,9.84,14.457,14.7467194,14.7467194,3.067665047,1.751475106,17.237,17.915,12.63,17.0469375,13.55060313,16.51128438,13.2683125,3.778625,1.504812707,1.535511118,-0.443127252
Littorine19,19-Sep,1Week,Pool19,Littorine,13.112,17.582,4.47,14.912,15.03034127,15.03034127,0.87655863,0.936247099,16.272,16.725,13.906,16.40157143,13.86697143,16.21822143,13.559,2.842571429,1.504812707,1.073964047,-2.251494816
Littorine20,19-Mar,1Day,Pool20,Littorine,6,10.198,4.198,6.661,7.10734629,7.10734629,0.997905078,0.99895199,8.464,9.2596,6.128,10.198,8.464,9.2596,6,4.198,1.44105445,-3.697866027,-0.444863781
Littorine20,19-Mar,1Month,Pool20,Littorine,1.643,11.297,9.654,6.064,5.791709411,5.791709411,1.782746852,1.335195436,7.192,7.594,3.88,7.797655172,4.640486207,7.368946552,4.185793103,3.611862069,1.44105445,-4.703755633,0.936937959
Littorine20,19-Mar,1Week,Pool20,Littorine,5.565,11.297,5.732,6.889,7.00065625,7.00065625,0.731138202,0.855066197,7.795,8.79825,6.23,8.666714286,6.367414286,8.325978571,6.235714286,2.431,1.44105445,-4.08443312,-0.619375505
Littorine21,19-Mar,1Day,Pool21,Littorine,5.898,8.916,3.018,6.712,6.908166078,6.908166078,0.499421182,0.706697376,8.02,8.095,6.051,8.916,8.02,8.095,5.898,3.018,1.316135524,-4.223078292,-1.008776996
Littorine21,19-Mar,1Month,Pool21,Littorine,2.262,9.903,7.641,6.051,5.905096624,5.905096624,1.382622452,1.175849672,7.192,7.619,4.35,7.546724138,4.985468966,7.291148276,4.523275862,3.023448276,1.316135524,-4.814660015,0.369301168
Littorine21,19-Mar,1Week,Pool21,Littorine,5.898,9.903,4.005,6.864,6.959897321,6.959897321,0.5707268,0.755464625,7.77,8.699,6.23,8.364428571,6.442457143,8.101321429,6.334428571,2.03,1.316135524,-4.26072672,-0.99564917
Littorine22,19-Jul,1Day,Pool22,Littorine,14.912,16.987,2.075,15.569,15.61984722,15.61984722,0.323922862,0.569142216,16.5652,16.8836,14.936,16.987,16.5652,16.8836,14.912,2.075,2.274608035,1.417902655,-3.25399694
Littorine22,19-Jul,1Month,Pool22,Littorine,11.37,24.195,12.825,16.296,16.63288813,16.63320562,4.072846304,2.018129407,19.413,20.746,14.601,20.05467742,15.04427097,19.65841613,14.8583871,5.196290323,2.274608035,3.225508269,0.140619829
Littorine22,19-Jul,1Week,Pool22,Littorine,13.954,24.026,10.072,15.748,16.30782738,16.30782738,3.769876677,1.941617026,19.115,20.567,14.457,19.70328571,14.81097143,19.16962143,14.71642857,4.986857143,2.274608035,3.059612946,-0.367549156
Littorine22,19-Sep,1Day,Pool22,Littorine,13.93,15.581,1.651,14.457,14.60600347,14.60600347,0.180162749,0.424455827,15.3492,15.485,14.122,15.581,15.3492,15.485,13.93,1.651,2.550738402,0.578020075,-3.27537946
Littorine22,19-Sep,1Month,Pool22,Littorine,11.686,22.298,10.612,14.553,15.04308941,15.04308941,4.127317532,2.031580058,17.748,18.771,12.727,17.63159375,13.70420313,17.29252813,13.53434375,4.09725,2.550738402,2.006683167,-0.034575941
Littorine22,19-Sep,1Week,Pool22,Littorine,12.968,21.056,8.088,14.96,15.51637351,15.51637351,2.911122639,1.706201231,18.378,19.127,13.882,18.52928571,13.94451429,18.21901429,13.79228571,4.737,2.550738402,2.219849694,-0.748822475
Littorine23,19-Jul,1Day,Pool23,Littorine,14.936,16.844,1.908,15.557,15.64675694,15.64675694,0.260568652,0.510459255,16.511,16.78795,15.008,16.844,16.511,16.78795,14.936,1.908,1.634695814,1.367451481,-3.351342163
Littorine23,19-Jul,1Month,Pool23,Littorine,11.467,34.281,22.814,16.201,16.62614225,16.62655742,5.997245305,2.448927379,19.175,20.746,14.625,20.99522581,15.01491935,20.25832903,14.82306452,6.17216129,1.634695814,4.23178442,2.057013214
Littorine23,19-Jul,1Week,Pool23,Littorine,14.074,22.776,8.702,15.652,16.12181647,16.12181647,2.690056258,1.640139097,18.378,19.651,14.505,19.53857143,14.81115714,18.59372143,14.66557143,4.873,1.634695814,2.710840888,-0.890894164
Littorine23,19-Sep,1Day,Pool23,Littorine,13.882,15.605,1.723,14.457,14.59479861,14.59479861,0.178604419,0.422616161,15.4212,15.557,14.1388,15.605,15.4212,15.557,13.882,1.723,2.087743996,0.596942449,-3.253999563
Littorine23,19-Sep,1Month,Pool23,Littorine,11.565,22.106,10.541,14.505,14.95593652,14.95593652,3.969943594,1.99247173,17.701,18.604,12.678,17.5005,13.68441563,17.13837188,13.4846875,4.0158125,2.087743996,1.923293161,-0.089905198
Littorine23,19-Sep,1Week,Pool23,Littorine,12.992,20.269,7.277,14.96,15.43089931,15.43089931,2.47540565,1.573342191,18.2355,18.866,13.858,18.22285714,13.94465714,18.00077143,13.75114286,4.471714286,2.087743996,2.039134852,-1.030621954
Littorine24,19-Jul,1Day,Pool24,Littorine,14.625,19.508,4.883,15.772,16.48298958,16.48298958,2.239991,1.496659948,19.0152,19.222,14.792,19.508,19.0152,19.222,14.625,4.883,1.001087943,2.782642931,-1.680689045
Littorine24,19-Jul,1Month,Pool24,Littorine,10.98,30.646,19.666,17.272,18.57846878,18.5794732,14.59578072,3.820442477,24.774,26.524,14.912,25.20870968,15.09074194,24.61263871,14.8636129,10.34509677,1.001087943,6.292213694,4.370943955
Littorine24,19-Jul,1Week,Pool24,Littorine,13.57,30.646,17.076,16.82,18.06323165,18.06323165,14.41901026,3.797237188,24.255,26.53625,14.481,24.98128571,14.70854286,24.07438571,14.58985714,10.39142857,1.001087943,6.124966771,4.004434611
Littorine24,19-Sep,1Day,Pool24,Littorine,13.425,16.987,3.562,14.457,14.86391319,14.86391319,0.801789536,0.895427013,16.5892,16.844,14.026,16.987,16.5892,16.844,13.425,3.562,1.559762643,1.265506118,-2.347402189
Littorine24,19-Sep,1Month,Pool24,Littorine,8.941,25.623,16.682,14.84,15.57868142,15.57868142,10.14405968,3.184974047,20.4,21.7,12.243,20.62915625,12.98870938,20.04281406,12.75078125,7.878375,1.559762643,3.502445425,3.062744277
Littorine24,19-Sep,1Week,Pool24,Littorine,11.832,23.713,11.881,15.175,16.02082292,16.02082292,8.137447807,2.852621217,20.948,21.509,12.968,20.897,13.23205714,20.58102857,12.95614286,7.940857143,1.559762643,3.503696916,1.817179696
Littorine27,19-Mar,1Day,Pool27,Littorine,5.796,12.582,6.786,7.895,8.632667845,8.632667845,5.357405024,2.314606883,12.2872,12.389,6.0052,12.582,12.2872,12.389,5.796,6.786,1.303148478,-1.807070612,1.554764334
Littorine27,19-Mar,1Month,Pool27,Littorine,-0.339,10.198,10.537,5.437,5.002977251,5.002977251,4.481997463,2.117072853,7.318,7.87,1.697,7.255448276,3.361041379,7.04957931,3.010344828,4.245103448,1.303148478,-4.953855722,2.31269569
Littorine27,19-Mar,1Week,Pool27,Littorine,4.921,10.198,5.277,7.015,7.066428571,7.066428571,0.984613612,0.992276983,8.369,9.089,5.872,8.983571429,6.026571429,8.524821429,5.917,3.066571429,1.303148478,-4.061720969,-0.391898978
Littorine28,19-Jul,1Day,Pool28,Littorine,15.27,17.677,2.407,15.7,16.08792014,16.08792014,0.558366596,0.747239317,17.4699,17.605,15.318,17.677,17.4699,17.605,15.27,2.407,1.324394438,1.859981315,-3.106400218
Littorine28,19-Jul,1Month,Pool28,Littorine,11.904,26.28,14.376,16.725,17.44788252,17.44894809,7.548460138,2.747446112,21.581,23.833,14.816,21.87270968,15.29490968,21.53661452,15.03587097,6.83683871,1.324394438,4.427856324,1.476718602
Littorine28,19-Jul,1Week,Pool28,Littorine,14.218,25.598,11.38,15.963,16.82296131,16.82296131,6.658552619,2.58041714,19.936,23.767,14.601,21.28028571,14.9932,20.89921429,14.819,6.461285714,1.324394438,4.013893405,0.807151678
Littorine28,19-Mar,1Day,Pool28,Littorine,6.102,13.618,7.516,8.344,8.922784452,8.922784452,5.925035517,2.434139585,12.9152,13.353,6.408,13.618,12.9152,13.353,6.102,7.516,1.208635818,-1.295281288,1.843111066
Littorine28,19-Mar,1Month,Pool28,Littorine,0.88,10.051,9.171,5.821,5.487066691,5.487066691,2.680733637,1.637294609,7.268,7.72,3.0917,7.414344828,4.03122069,7.157946552,3.598758621,3.815586207,1.208635818,-4.890073201,1.346148038
Littorine28,19-Mar,1Week,Pool28,Littorine,5.257,10.051,4.794,6.94,7.030248512,7.030248512,0.753485177,0.86803524,8.195,8.87225,6.153,8.806714286,6.211242857,8.29045,6.071428571,2.735285714,1.208635818,-4.137381242,-0.647762614
Littorine28,19-Sep,1Day,Pool28,Littorine,12.63,15.796,3.166,13.954,13.87730208,13.87730208,0.64278309,0.801737544,14.888,15.103,12.727,15.796,14.888,15.103,12.63,3.166,2.561710263,0.404867828,-2.331121384
Littorine28,19-Sep,1Month,Pool28,Littorine,11.613,24.436,12.823,14.888,15.41595638,15.41595638,5.543579502,2.354480729,18.723,19.865,12.896,18.72503125,13.83813438,18.31211406,13.65525,5.06978125,2.561710263,2.661595434,0.765519992
Littorine28,19-Sep,1Week,Pool28,Littorine,13.449,21.413,7.964,15.318,15.98733185,15.98733185,3.378258906,1.838004055,19.056,19.942,14.385,18.82185714,14.35922857,18.66265,14.173,4.648857143,2.561710263,2.565483748,-0.722794583
Littorine3,19-Jul,1Day,Pool3,Littorine,15.223,18.343,3.12,16.272,16.38495833,16.38495833,0.35725549,0.597708532,17.177,17.73875,15.7336,18.343,17.177,17.73875,15.223,3.12,1.369073871,2.039229274,-3.052421956
Littorine3,19-Jul,1Month,Pool3,Littorine,11.662,20.246,8.584,15.891,15.91834223,15.91770453,1.784556386,1.335872893,17.605,18.343,14.505,18.06390323,14.93144839,17.72702419,14.71674194,3.34716129,1.369073871,2.029678153,-1.397923364
Littorine3,19-Jul,1Week,Pool3,Littorine,14.314,19.746,5.432,15.497,15.78163591,15.78163591,1.175212518,1.084072192,17.237,18.087,14.625,17.88042857,14.98897143,17.36855,14.816,3.064428571,1.369073871,1.879442003,-2.160652262
Littorine3,19-Sep,1Day,Pool3,Littorine,13.425,14.84,1.415,14.361,14.26132986,14.26132986,0.084576661,0.290820668,14.529,14.625,13.738,14.84,14.529,14.625,13.425,1.415,0.956104236,0.150205346,-3.347258575
Littorine3,19-Sep,1Month,Pool3,Littorine,11.443,19.841,8.398,14.242,14.58030512,14.58030512,2.562130855,1.600665754,16.939,17.51,12.751,16.036625,13.65670938,15.79604063,13.457875,2.57875,0.956104236,1.211474273,-1.010579272
Littorine3,19-Sep,1Week,Pool3,Littorine,13.161,16.939,3.778,14.888,14.94420883,14.94420883,0.632950188,0.795581667,16.058,16.32,13.954,16.19014286,13.91295714,16.06322857,13.779,2.411142857,0.956104236,0.916222322,-2.539316234
Littorine30,19-Jul,1Day,Pool30,Littorine,14.96,29.165,14.205,17.772,18.49254167,18.49254167,10.92025297,3.304580605,22.6306,26.00205,15.199,29.165,22.6306,26.00205,14.96,14.205,1.041444781,6.915136927,3.111324646
Littorine30,19-Jul,1Month,Pool30,Littorine,10.81,29.165,18.355,16.368,17.17503329,17.17485083,8.668595533,2.944247872,21.318,23.569,14.505,23.05041935,14.81986452,22.26599355,14.55690323,8.493516129,1.041444781,4.761447429,2.623289448
Littorine30,19-Jul,1Week,Pool30,Littorine,13.618,29.165,15.547,15.664,16.78546528,16.78546528,8.419995142,2.901722789,20.4,23.641,14.469,23.23542857,14.50637143,21.8539,14.327,8.908428571,1.041444781,4.660178195,2.241030242
Littorine30,19-Mar,1Day,Pool30,Littorine,5.437,10.394,4.957,6.864,7.236848057,7.236848057,1.66489398,1.290307708,9.4452,10.046,5.719,10.394,9.4452,10.046,5.437,4.957,0.747947008,-3.390946811,0.072292769
Littorine30,19-Mar,1Month,Pool30,Littorine,-0.676,9.064,9.74,5.36,4.672481801,4.672481801,4.653961109,2.15730413,7.066,7.268,1.398,6.613689655,3.222565517,6.409775862,2.830793103,3.782896552,0.747947008,-5.256963366,2.235874328
Littorine30,19-Mar,1Week,Pool30,Littorine,5.231,9.064,3.833,6.914,6.819708333,6.819708333,0.34037159,0.583413739,7.419,7.594,6.1405,7.964428571,6.161071429,7.543628571,6.034714286,1.929714286,0.747947008,-4.561919819,-1.12425318
Littorine31,19-Mar,1Day,Pool31,Littorine,5.205,10.247,5.042,6.509,6.544367491,6.544367491,1.07440424,1.036534727,7.97,8.2125,5.334,10.247,7.97,8.2125,5.205,5.042,1.112590802,-3.971018925,-0.036784779
Littorine31,19-Mar,1Month,Pool31,Littorine,-0.451,10.271,10.722,5.076,4.580695881,4.580695881,5.134517209,2.265947309,7.041,7.544,1.126,6.590586207,3.237827586,6.361782759,2.873758621,3.716827586,1.112590802,-5.164742039,2.494286194
Littorine31,19-Mar,1Week,Pool31,Littorine,5.05,10.271,5.221,6.914,6.991886409,6.991886409,0.863247733,0.929111259,7.945,9.015,5.949,8.516,6.129214286,8.254407143,6.030571429,2.485428571,1.112590802,-4.179732443,-0.56175184
Littorine33,19-Mar,1Day,Pool33,Littorine,5.308,12.171,6.863,6.864,7.322120141,7.322120141,2.681296971,1.637466632,10.0994,11.2848,5.519,12.171,10.0994,11.2848,5.308,6.863,1.473552071,-2.731932259,0.982365195
Littorine33,19-Mar,1Month,Pool33,Littorine,-0.648,11.565,12.213,4.947,4.617231801,4.617231801,5.725004823,2.392698231,7.293,7.845,1.071,7.138275862,3.009193103,6.803813793,2.638344828,4.499931034,1.473552071,-4.921285907,2.997607133
Littorine33,19-Mar,1Week,Pool33,Littorine,4.506,11.565,7.059,7.015,7.163081349,7.163081349,1.384985291,1.17685398,8.5065,9.58925,5.924,8.516,6.129214286,8.254407143,6.030571429,2.485428571,1.473552071,-3.950847518,-0.099085744
Littorine36,19-Mar,1Day,Pool36,Littorine,5.437,8.145,2.708,6.458,6.637756184,6.637756184,0.730572802,0.854735516,7.97,8.07,5.565,8.145,7.97,8.07,5.437,2.708,1.417929229,-4.431609754,-0.900982797
Littorine36,19-Mar,1Month,Pool36,Littorine,-1.185,8.693,9.878,3.985,3.821363266,3.821363266,6.996770536,2.645140929,7.142,7.494,0.356,4.909965517,2.992386207,4.787468966,2.746172414,2.163793103,1.417929229,-5.66589187,2.763399007
Littorine36,19-Mar,1Week,Pool36,Littorine,4.688,8.693,4.005,6.99,6.913930556,6.913930556,0.517628122,0.719463774,7.795,7.945,6.051,8.147714286,6.113885714,7.835821429,5.996571429,2.151142857,1.417929229,-4.482908437,-0.93639335
Littorine6,19-Jul,1Day,Pool6,Littorine,14.96,19.746,4.786,16.106,16.47626736,16.47626736,1.011242322,1.00560545,17.9219,18.2,15.605,19.746,17.9219,18.2,14.96,4.786,1.035408445,2.538789407,-2.22542173
Littorine6,19-Jul,1Month,Pool6,Littorine,10.761,25.841,15.08,16.106,16.64521377,16.64561186,5.653258022,2.377658096,19.984,22.202,14.577,20.89077419,14.81710968,20.36446935,14.56080645,6.329967742,1.035408445,3.691536088,1.105098182
Littorine6,19-Jul,1Week,Pool6,Littorine,14.146,24.436,10.29,15.605,16.26366667,16.26366667,3.970297301,1.992560489,18.866,21.157,14.601,20.42957143,14.86302857,19.71749286,14.621,5.808571429,1.035408445,3.249758115,-0.146325232
Littorine6,19-Sep,1Day,Pool6,Littorine,13.233,15.318,2.085,14.361,14.37017708,14.37017708,0.182338683,0.427011338,15.079,15.247,13.8676,15.318,15.079,15.247,13.233,2.085,1.382406568,0.417102865,-3.065707008
Littorine6,19-Sep,1Month,Pool6,Littorine,9.952,21.963,12.011,14.481,14.87916808,14.87916808,4.439800697,2.107083457,17.772,18.889,12.582,18.04171875,13.29417188,17.54864688,12.9514375,5.09028125,1.382406568,1.997570602,0.506121914
Littorine6,19-Sep,1Week,Pool6,Littorine,12.485,21.223,8.738,15.031,15.4603879,15.4603879,3.290142104,1.813874886,18.366,19.585,13.69,18.672,13.59157143,18.48010714,13.26328571,5.408714286,1.382406568,2.287539652,-0.377686367
Littorine7,19-Mar,1Day,Pool7,Littorine,5.308,9.064,3.756,6.661,6.592830389,6.592830389,0.77104673,0.878092666,8.02,8.07,5.514,9.064,8.02,8.07,5.308,3.756,1.560283953,-4.232036167,-0.570848802
Littorine7,19-Mar,1Month,Pool7,Littorine,-0.648,8.742,9.39,5.257,4.605305795,4.605305795,5.317755348,2.306025878,7.167,7.544,1.208,6.467034483,3.236206897,6.263674138,2.828689655,3.638344828,1.560283953,-5.2566013,2.368816259
Littorine7,19-Mar,1Week,Pool7,Littorine,5.282,8.742,3.46,6.99,6.993186012,6.993186012,0.485432929,0.696730169,7.795,8.295,6.2425,7.997142857,6.2156,7.837357143,6.122142857,1.875,1.560283953,-4.447969269,-1.106158325
Mussel1,19-Jul,1Day,Pool1,Mussel,14.768,17.986,3.218,15.247,15.54351042,15.54351042,0.50250524,0.70887604,16.4774,16.93695,14.912,17.986,16.4774,16.93695,14.768,3.218,0.911346918,1.614214253,-2.788383273
Mussel1,19-Jul,1Month,Pool1,Mussel,11.297,23.064,11.767,15.796,15.86119874,15.86168098,5.931505905,2.435468313,19.199,20.436,12.485,18.88512903,14.30343226,18.58196774,14.059,4.826129032,0.911346918,2.785495818,0.66265638
Mussel1,19-Jul,1Week,Pool1,Mussel,14.697,21.557,6.86,16.368,16.82330903,16.82330903,2.648446287,1.627404771,19.484,19.984,15.055,19.59014286,15.40695714,19.30178571,15.15757143,4.432571429,0.911346918,2.944734199,-1.332157958
Mussel1,19-Sep,1Day,Pool1,Mussel,12.219,18.628,6.409,15.139,15.09506597,15.09506597,3.836156006,1.958610734,18.224,18.39,12.654,18.628,18.224,18.39,12.219,6.409,0.70802649,2.231711943,-0.363234011
Mussel1,19-Sep,1Month,Pool1,Mussel,11.029,21.461,10.432,15.485,15.57673101,15.57673101,5.258204374,2.29307749,18.759,20.103,12.799,18.31303125,14.11675313,17.94849844,13.91415625,4.398875,0.70802649,2.418355756,0.270551912
Mussel1,19-Sep,1Week,Pool1,Mussel,11.807,18.58,6.773,14.266,14.48498115,14.48498115,1.363805941,1.167821023,15.843,16.945,13.293,17.35328571,13.14154286,16.81855,12.94957143,4.403714286,0.70802649,1.146283092,-1.340449312
Mussel10,19-Jul,1Day,Pool10,Mussel,14.697,17.415,2.718,15.199,15.34120486,15.34120486,0.37414808,0.61167645,16.32,16.8836,14.8328,17.415,16.32,16.8836,14.697,2.718,1.454662956,1.421752693,-2.986115691
Mussel10,19-Jul,1Month,Pool10,Mussel,11.127,25.355,14.228,15.891,16.10744423,16.10813048,7.260098172,2.694456935,19.912,21.151,12.606,19.9566129,14.28073548,19.47881613,14.10551613,5.851096774,1.454662956,3.350359444,1.473211218
Mussel10,19-Jul,1Week,Pool10,Mussel,14.697,23.088,8.391,16.415,16.97097718,16.97097718,3.51473344,1.874762236,20.007,20.698,15.103,20.07071429,15.4534,19.72934286,15.22228571,4.848428571,1.454662956,3.308844013,-0.8111769
Mussel10,19-Mar,1Day,Pool10,Mussel,5.642,10.247,4.605,7.268,7.583362676,7.583362676,1.639898861,1.280585359,9.657,10.01865,6.1608,10.247,9.657,10.01865,5.642,4.605,1.161752291,-3.307984579,-0.106006322
Mussel10,19-Mar,1Month,Pool10,Mussel,0.715,10.173,9.458,6.077,5.584594358,5.588537696,3.39630384,1.842906357,7.444,7.995,2.503,7.428724138,4.199748276,7.200131034,3.827862069,3.600862069,1.161752291,-4.791524532,1.581037789
Mussel10,19-Mar,1Week,Pool10,Mussel,4.973,10.173,5.2,6.965,7.046890171,7.047269264,0.88806972,0.942374512,8.344,8.99,5.872,9.105142857,6.074457143,8.627428571,5.731714286,3.373428571,1.161752291,-4.059857904,-0.388372055
Mussel10,19-Sep,1Day,Pool10,Mussel,13.281,16.939,3.658,14.122,14.28244097,14.28244097,0.646549111,0.804082777,15.4212,16.1602,13.401,16.939,15.4212,16.1602,13.281,-2.8792,0.96218435,0.393526614,-3.388886653
Mussel10,19-Sep,1Month,Pool10,Mussel,10.467,22.321,11.854,15.247,15.44680664,15.44680664,5.773514803,2.402813934,18.557,20.341,12.678,18.23396875,13.9449625,17.900475,13.7238125,4.51015625,0.96218435,2.451023851,0.65408888
Mussel10,19-Sep,1Week,Pool10,Mussel,11.613,17.439,5.826,14.122,14.20337698,14.20337698,1.068778094,1.033817244,15.533,15.945,12.823,16.32628571,12.86094286,15.86419286,12.739,3.587285714,0.96218435,0.690005772,-1.661353114
Mussel11,19-Mar,1Day,Pool11,Mussel,5.898,10.516,4.618,7.3055,7.718802817,7.718802817,1.536684965,1.239630979,9.805,10.2674,6.458,10.516,9.805,10.2674,5.898,4.618,1.738752048,-3.185545576,-0.183375605
Mussel11,19-Mar,1Month,Pool11,Mussel,0.907,10.443,9.536,6.102,5.609188715,5.613170144,3.113194258,1.764424625,7.343,7.745,2.664,7.19562069,4.435893103,7.050081034,4.084862069,3.110758621,1.738752048,-4.828659954,1.386278808
Mussel11,19-Mar,1Week,Pool11,Mussel,5.05,10.443,5.393,6.94,7.049583751,7.050359646,0.826331825,0.909027956,8.145,9.02375,6.026,8.863142857,6.201571429,8.5028,5.845,3.018142857,1.738752048,-4.082413117,-0.470306875
Mussel13,19-Mar,1Day,Pool13,Mussel,6.281,11.102,4.821,7.569,8.086765125,8.086765125,2.498640223,1.580708772,10.761,10.956,6.509,11.102,10.761,10.956,6.281,4.821,0.931501721,-2.725021148,0.141694707
Mussel13,19-Mar,1Month,Pool13,Mussel,1.94,11.102,9.162,6.255,6.084297839,6.087555779,1.942262167,1.393650662,7.444,8.12,4.115,7.618034483,5.007706897,7.419917241,4.685655172,2.93237931,0.931501721,-4.600754684,0.756012522
Mussel13,19-Mar,1Week,Pool13,Mussel,5.488,11.102,5.614,6.94,7.162957372,7.164683465,0.920731883,0.959547749,8.2625,9.19675,6.204,9.158,6.379285714,8.642714286,6.111857143,3.046142857,0.931501721,-3.922326826,-0.438046156
Mussel14,19-Jul,1Day,Pool14,Mussel,14.84,19.603,4.763,15.927,16.22973958,16.22973958,1.514578862,1.230682275,17.8883,18.6112,14.9288,19.603,17.8883,18.6112,14.84,4.763,1.744528442,2.528288891,-1.966894191
Mussel14,19-Jul,1Month,Pool14,Mussel,11.419,28.221,16.802,16.463,16.92345096,16.92411643,10.26539319,3.20396523,21.485,22.944,12.92,21.57441935,14.61949677,21.16173871,14.40283871,7.171580645,1.744528442,4.425935368,2.664955753
Mussel14,19-Jul,1Week,Pool14,Mussel,14.745,24.605,9.86,16.701,17.78217659,17.78217659,5.796528665,2.407598111,21.795,22.519,15.342,21.94042857,15.74537143,21.61397143,15.43057143,6.509857143,1.744528442,4.28788764,0.236447766
Mussel14,19-Sep,1Day,Pool14,Mussel,12.243,21.628,9.385,14.768,15.02343403,15.02343403,7.018375919,2.649221757,20.0382,21.1258,12.364,21.628,20.0382,21.1258,12.243,9.385,1.37902313,3.52482646,1.362744004
Mussel14,19-Sep,1Month,Pool14,Mussel,10.418,25.186,14.768,15.796,15.99375423,15.99375423,8.301636455,2.881256055,19.746,21.801,12.775,20.21003125,14.13005,19.71856875,13.9613125,6.24871875,1.37902313,3.4537115,1.907646683
Mussel14,19-Sep,1Week,Pool14,Mussel,11.977,20.531,8.554,14.29,14.67553472,14.67553472,2.730219261,1.652337514,16.999,18.461,12.763,18.62442857,13.08547143,17.82430714,12.97714286,5.647285714,1.37902313,1.781879008,-0.407720383
Mussel15,19-Mar,1Day,Pool15,Mussel,6.687,11.053,4.366,8.99,8.785647687,8.785647687,2.618280229,1.618110079,10.883,10.98,6.813,11.053,10.883,10.98,6.687,4.366,1.000983174,-2.510118945,-0.065694853
Mussel15,19-Mar,1Month,Pool15,Mussel,-1.015,11.492,12.507,6.23,5.550159784,5.556235518,5.992727609,2.448004822,8.045,9.00375,1.67,8.506758621,3.5539,7.985193103,3.027655172,5.479103448,1.000983174,-4.317990439,3.158587448
Mussel15,19-Mar,1Week,Pool15,Mussel,5.719,11.053,5.334,7.015,7.47927984,7.483398834,1.463231651,1.209641125,9.6248,10.173,6.306,9.976857143,6.384628571,9.279207143,6.152571429,3.824285714,1.000983174,-3.539235348,-0.136448677
Mussel16,19-Mar,1Day,Pool16,Mussel,6.153,8.543,2.39,7.268,7.370284698,7.370284698,0.488939347,0.69924198,8.295,8.419,6.458,8.543,8.295,8.419,6.153,2.39,1.112921414,-4.118739289,-1.274085899
Mussel16,19-Mar,1Month,Pool16,Mussel,1.778,8.792,7.014,6.077,5.760064106,5.763364117,1.721557678,1.31208143,7.116,7.393,3.775,6.894655172,4.7964,6.758410345,4.496482759,2.398172414,1.112921414,-5.054544287,0.372375974
Mussel16,19-Mar,1Week,Pool16,Mussel,5.539,8.792,3.253,6.864,6.948439318,6.949142414,0.348345986,0.590208425,7.895,8.145,6.255,8.147714286,6.281385714,7.889321429,6.068571429,2.079142857,1.112921414,-4.450536929,-1.185661434
Mussel18,19-Jul,1Day,Pool18,Mussel,14.194,17.225,3.031,14.876,15.04017014,15.04017014,0.537186225,0.732929891,16.1602,16.749,14.266,17.225,16.1602,16.749,14.194,3.031,1.341385066,1.286137436,-2.711737738
Mussel18,19-Jul,1Month,Pool18,Mussel,11.078,22.369,11.291,15.509,15.53736184,15.53788526,4.941206394,2.222882452,18.461,19.436,12.364,18.32841935,14.08570968,18.03255161,13.88845161,4.439967742,1.341385066,2.383982251,0.309818345
Mussel18,19-Jul,1Week,Pool18,Mussel,14.553,20.77,6.217,16.201,16.41636508,16.41636508,2.160943742,1.470014878,18.842,19.395,14.816,19.00885714,15.15414286,18.77387857,14.94257143,4.066285714,1.341385066,2.584118485,-1.587098378
Mussel2,19-Jul,1Day,Pool2,Mussel,14.577,18.01,3.433,15.151,15.43192014,15.43192014,0.517291969,0.719230123,16.5724,17.01755,14.864,18.01,16.5724,17.01755,14.577,3.433,1.215890453,1.616029783,-2.696022916
Mussel2,19-Jul,1Month,Pool2,Mussel,11.127,24.629,13.502,15.581,15.71078007,15.71132385,6.229196614,2.495835855,18.866,20.674,12.461,19.21180645,14.18868387,18.75590645,13.92593548,5.285870968,1.215890453,2.923642971,1.059235257
Mussel2,19-Jul,1Week,Pool2,Mussel,14.649,22.441,7.792,16.237,16.59824752,16.59824752,2.545761906,1.595544392,18.985,19.746,14.984,19.696,15.2672,19.16400714,15.03114286,4.664857143,1.215890453,2.917646926,-1.188745898
Mussel2,19-Sep,1Day,Pool2,Mussel,13.233,19.032,5.799,14.529,14.98045486,14.98045486,2.501699782,1.581676257,18.0759,18.7146,13.546,19.032,18.0759,18.7146,13.233,5.799,1.45716761,2.213213961,-1.045715377
Mussel2,19-Sep,1Month,Pool2,Mussel,11.2,22.944,11.744,15.294,15.51986447,15.51986447,5.409748876,2.325886686,18.509,19.912,12.871,18.88109375,14.09107813,18.32591406,13.79428125,5.0868125,1.45716761,2.595942713,0.588443996
Mussel2,19-Sep,1Week,Pool2,Mussel,11.71,19.841,8.131,14.17,14.37569593,14.37569593,1.633492256,1.278081475,15.509,17.35,13.137,18.10057143,13.08077143,17.04526429,12.829,5.271571429,1.45716761,1.346025033,-0.898685793
Mussel22,19-Jul,1Day,Pool22,Mussel,14.745,16.987,2.242,15.366,15.59069444,15.59069444,0.478306979,0.691597411,16.6372,16.725,14.84,16.987,16.6372,16.725,14.745,2.242,0.628861003,1.413303529,-3.090403398
Mussel22,19-Jul,1Month,Pool22,Mussel,11.37,24.195,12.825,15.963,15.97556933,15.97640219,5.799586021,2.408232966,19.056,20.246,12.534,19.24132258,14.44243871,18.87180645,14.25287097,4.988451613,0.628861003,2.932489359,0.755895188
Mussel22,19-Jul,1Week,Pool22,Mussel,14.505,21.127,6.622,16.392,16.73155159,16.73155159,2.229481726,1.493144911,19.294,19.627,15.151,19.16842857,15.56225714,18.98571429,15.33142857,3.837,0.628861003,2.768692837,-1.609106671
Mussel22,19-Sep,1Day,Pool22,Mussel,12.389,20.531,8.142,14.84,14.9864375,14.9864375,5.195728519,2.279414074,18.9158,20.14915,12.678,20.531,18.9158,20.14915,12.389,8.142,1.28748649,2.957410757,0.517669152
Mussel22,19-Sep,1Month,Pool22,Mussel,11.686,25.671,13.985,15.4495,15.56731044,15.56731044,5.40591809,2.325063029,18.461,19.722,12.751,18.393375,14.23774688,17.98727813,14.084125,4.30925,1.28748649,2.716621703,0.695620203
Mussel22,19-Sep,1Week,Pool22,Mussel,12.025,19.793,7.768,14.29,14.49945238,14.49945238,1.634101898,1.278319952,16.272,16.939,12.944,17.00928571,13.12322857,16.63117857,12.96357143,4.045714286,1.28748649,1.217602295,-1.166781218
Mussel23,19-Jul,1Day,Pool23,Mussel,14.745,16.963,2.218,15.354,15.60813194,15.60813194,0.465161725,0.682027657,16.63,16.7646,14.888,16.963,16.63,16.7646,14.745,2.218,1.499317693,1.41379066,-3.107084746
Mussel23,19-Jul,1Month,Pool23,Mussel,11.346,34.281,22.935,15.867,16.0013902,16.00229521,8.024936789,2.832831938,18.818,20.341,12.509,20.26141935,14.4063129,19.60485968,14.22432258,6.037096774,1.499317693,3.971197602,2.745081051
Mussel23,19-Jul,1Week,Pool23,Mussel,14.553,24.992,10.439,16.344,16.75051438,16.75051438,2.906045838,1.704712832,19.27,19.841,15.151,20.115,15.53957143,19.588,15.30414286,4.810857143,1.499317693,3.27189268,-0.75538409
Mussel23,19-Sep,1Day,Pool23,Mussel,13.473,18.937,5.464,14.457,14.83635069,14.83635069,1.493476612,1.222078808,16.3752,17.8814,13.738,18.937,16.3752,17.8814,13.473,5.464,0.67510395,1.809821189,-1.479969951
Mussel23,19-Sep,1Month,Pool23,Mussel,11.565,28.419,16.854,15.39,15.50106445,15.50106445,5.70265825,2.388023922,18.271,19.585,12.678,18.6300625,14.20351563,18.03320469,14.0226875,4.607375,0.67510395,2.930012685,1.190056881
Mussel23,19-Sep,1Week,Pool23,Mussel,12.122,18.937,6.815,14.266,14.45605605,14.45605605,1.547794246,1.244103792,16.249,16.915,12.92,17.05714286,13.10711429,16.60345714,12.95657143,4.100571429,0.67510395,1.143438271,-1.306020868
Mussel24,19-Jul,1Day,Pool24,Mussel,14.816,21.676,6.86,16.284,16.78724653,16.78724653,3.292981085,1.814657291,19.127,20.2109,14.84,21.676,19.127,20.2109,14.816,6.86,0.651560154,3.509283398,-0.807179202
Mussel24,19-Jul,1Month,Pool24,Mussel,10.98,29.315,18.335,16.796,17.92472839,17.92624537,16.14999772,4.018705976,24.363,26.231,13.185,24.18377419,14.54011613,23.68147581,14.2873871,9.896387097,0.651560154,5.850750905,4.6320693
Mussel24,19-Jul,1Week,Pool24,Mussel,14.433,27.087,12.654,16.868,18.41348264,18.41348264,10.98693895,3.314655178,24.014,24.80425,15.223,24.06414286,15.58268571,23.56562857,15.26671429,8.797428571,0.651560154,5.5352761,2.267348758
Mussel24,19-Sep,1Day,Pool24,Mussel,12.606,23.376,10.77,14.517,15.43313194,15.43313194,7.638470603,2.76377832,20.5286,21.73,13.112,23.376,20.5286,21.73,12.606,10.77,1.31801699,4.119140346,1.839566654
Mussel24,19-Sep,1Month,Pool24,Mussel,8.941,26.867,17.926,15.963,16.3191033,16.3191033,12.84793784,3.584402019,21.509,23.737,12.389,21.74146875,13.64806563,21.152625,13.43803125,8.3034375,1.31801699,4.341662862,3.817511688
Mussel24,19-Sep,1Week,Pool24,Mussel,10.883,23.376,12.493,14.242,14.82421181,14.82421181,5.453707001,2.335317323,18.188,19.793,12.171,20.17728571,12.46244286,19.22707857,12.25514286,7.922142857,1.31801699,2.563976131,1.371999485
Mussel27,19-Mar,1Day,Pool27,Mussel,6.585,13.522,6.937,8.5805,9.501644366,9.501644366,5.372599092,2.317886773,13.0328,13.161,7.015,13.522,13.0328,13.161,6.585,6.937,1.582184808,-1.241601121,1.42651515
Mussel27,19-Mar,1Month,Pool27,Mussel,-0.088,12.896,12.984,6.102,5.851451261,5.85820663,5.059191431,2.249264642,8.22,9.485,2.797,8.375344828,4.217189655,8.122493103,3.910931034,4.464413793,1.582184808,-4.134105567,2.649602291
Mussel27,19-Mar,1Week,Pool27,Mussel,4.947,12.896,7.949,7.091,7.838845537,7.845144235,3.664764376,1.914357431,11.321,12.292,5.975,11.39114286,6.032457143,10.8689,5.771857143,5.619285714,1.582184808,-2.722297925,1.287895447
Mussel28,19-Jul,1Day,Pool28,Mussel,14.625,17.843,3.218,15.294,15.60452431,15.60452431,0.576283533,0.759133409,16.7562,17.082,14.84,17.843,16.7562,17.082,14.625,3.218,1.390847353,1.647555188,-2.744498434
Mussel28,19-Jul,1Month,Pool28,Mussel,11.419,26.28,14.861,16.463,16.75318159,16.75479184,9.567338608,3.093111477,21.223,23.208,12.703,20.89732258,14.65823226,20.56059839,14.41032258,6.487,1.390847353,4.086550574,2.164124249
Mussel28,19-Jul,1Week,Pool28,Mussel,14.529,23.954,9.425,16.57,17.52009623,17.52009623,4.854812855,2.203363986,21.103,21.628,15.318,21.06985714,15.71122857,20.78193571,15.33828571,5.731571429,1.390847353,3.876532376,-0.183546864
Mussel28,19-Mar,1Day,Pool28,Mussel,7.066,15.031,7.965,9.213,10.09350352,10.09350352,6.729155841,2.594061649,14.3469,14.78135,7.192,15.031,14.3469,14.78135,7.066,7.965,1.343362757,-0.393951428,1.973211889
Mussel28,19-Mar,1Month,Pool28,Mussel,1.398,15.223,13.825,6.255,6.190445978,6.197302068,3.878860032,1.969482174,8.02,9.52275,3.88,8.62462069,4.719903448,8.272410345,4.347206897,4.277413793,1.343362757,-3.869552506,2.230152951
Mussel28,19-Mar,1Week,Pool28,Mussel,5.539,15.223,9.684,7.015,7.966807422,7.975826325,4.425881097,2.103777815,11.6788,12.9284,6.484,11.96385714,6.405785714,11.18621429,6.108285714,5.855571429,1.343362757,-2.280046006,1.695137137
Mussel28,19-Sep,1Day,Pool28,Mussel,12.582,20.913,8.331,15.27,15.47591667,15.47591667,6.54340961,2.558008915,20.4909,20.7136,12.6955,20.913,20.4909,20.7136,12.582,8.331,0.78826349,3.459033214,0.846221321
Mussel28,19-Sep,1Month,Pool28,Mussel,11.613,25.55,13.937,15.724,16.06069596,16.06069596,8.503423529,2.916063019,19.96,22.513,12.92,20.083375,14.320675,19.62170469,14.147,5.936375,0.78826349,3.568480881,1.745960606
Mussel28,19-Sep,1Week,Pool28,Mussel,12.243,20.507,8.264,14.29,14.69635268,14.69635268,2.034392647,1.426321369,16.594,17.683,13.281,18.556,13.23811429,17.52922143,13.15657143,5.399428571,0.78826349,1.668288542,-0.7711147
Mussel3,19-Jul,1Day,Pool3,Mussel,14.314,16.939,2.625,15.163,15.10744792,15.10744792,0.417278325,0.645970839,15.9531,16.51755,14.385,16.939,15.9531,16.51755,14.314,2.625,1.438075108,1.196619049,-2.918805212
Mussel3,19-Jul,1Month,Pool3,Mussel,11.492,20.246,8.754,15.509,15.263266,15.26314191,3.367791423,1.835154332,17.463,18.2,12.509,17.30580645,14.29729355,16.98972742,14.092,3.213806452,1.438075108,1.784256828,-0.696903022
Mussel3,19-Jul,1Week,Pool3,Mussel,14.625,19.341,4.716,16.177,16.37316964,16.37316964,1.127809172,1.061983603,18.093,18.557,15.151,18.2031429,15.492,18.0716,15.1918571,3.01128571,1.438075108,2.169666327,-2.380246593
Mussel3,19-Mar,1Day,Pool3,Mussel,5.693,7.87,2.177,7.192,7.022697183,7.022697183,0.320767145,0.566363086,7.645,7.79125,6.153,7.87,7.645,7.79125,5.693,2.177,1.322442297,-4.487704036,-1.359781223
Mussel3,19-Mar,1Month,Pool3,Mussel,1.044,8.891,7.847,6.102,5.650458343,5.653334768,2.143474803,1.464061065,7.091,7.318,3.274,6.768655172,4.662344828,6.663806897,4.379896552,2.388758621,1.322442297,-5.093564118,0.685037186
Mussel3,19-Mar,1Week,Pool3,Mussel,5.462,8.891,3.429,6.889,6.835040622,6.834030247,0.333171878,0.577210428,7.594,7.82,5.975,8.008571429,6.195642857,7.761964286,5.966142857,2.042428571,1.322442297,-4.537662642,-1.1568559
Mussel3,19-Sep,1Day,Pool3,Mussel,13.497,15.7,2.203,14.266,14.34266667,14.34266667,0.363614767,0.603004782,15.3252,15.39,13.642,15.7,15.3252,15.39,13.497,2.203,1.62668446,0.552438966,-2.912666288
Mussel3,19-Sep,1Month,Pool3,Mussel,11.443,19.841,8.398,14.649,15.09564486,15.09564486,3.856248724,1.963733364,17.831,18.461,12.751,16.7846875,14.13381563,16.43849219,13.942625,2.8420625,1.62668446,1.666086959,-0.621122619
Mussel3,19-Sep,1Week,Pool3,Mussel,12.195,15.7,3.505,14.026,13.93639335,13.93639335,0.48702245,0.697869938,14.745,14.912,12.847,15.14742857,13.11157143,14.83414286,12.99814286,2.149285714,1.62668446,0.16529371,-2.502028829
Mussel31,19-Jul,1Day,Pool31,Mussel,14.577,19.318,4.741,16.368,16.36590625,16.36590625,1.564815786,1.250925971,17.8262,18.509,14.721,19.318,17.8262,18.509,14.577,4.741,1.514850265,2.49046904,-1.941508658
Mussel31,19-Jul,1Month,Pool31,Mussel,11.419,28.667,17.248,16.773,17.55064589,17.55169958,12.32168911,3.510226362,22.681,24.75,13.401,22.52225806,14.88533548,22.18122258,14.57974194,7.942516129,1.514850265,5.072421352,3.271571779
Mussel31,19-Jul,1Week,Pool31,Mussel,14.601,26.304,11.703,16.915,18.16373264,18.16373264,6.779717826,2.603789129,22.298,23.004,15.652,22.37542857,15.96097143,22.11022143,15.56685714,6.808571429,1.514850265,4.704026822,0.731870006
Mussel31,19-Mar,1Day,Pool31,Mussel,5.642,12.219,6.577,6.737,7.704483986,7.704483986,4.091950393,2.022856988,11.127,11.88,5.745,12.219,11.127,11.88,5.642,6.577,1.389183115,-2.367700856,1.260278422
Mussel31,19-Mar,1Month,Pool31,Mussel,-0.088,12.219,12.307,5.847,5.378156423,5.382924016,4.605413447,2.146022704,7.469,8.17,2.047,7.532551724,4.088141379,7.211967241,3.779655172,3.752896552,1.389183115,-4.608908636,2.380644878
Mussel31,19-Mar,1Week,Pool31,Mussel,5.102,12.219,7.117,6.889,7.091850552,7.092900984,1.626085067,1.275180406,8.568,10.1,5.719,10.028,5.983342857,9.314614286,5.768142857,4.259857143,1.389183115,-3.610727835,0.309628177
Mussel31,19-Sep,1Day,Pool31,Mussel,13.594,20.388,6.794,14.709,14.99899653,14.99899653,1.934052875,1.390702295,16.3797,18.25335,13.786,20.388,16.3797,18.25335,12.34,7.049,1.43767494,2.172352387,-0.863138785
Mussel31,19-Sep,1Month,Pool31,Mussel,10.541,26.744,16.203,15.867,16.20494965,16.20494965,9.061220035,3.010186047,20.246,22.274,12.968,20.36434375,14.34476875,19.85612656,14.1455,6.21884375,1.43767494,3.750659768,2.231181955
Mussel31,19-Sep,1Week,Pool31,Mussel,12.219,20.388,8.169,14.409,14.69550248,14.69550248,2.371300877,1.539902879,16.701,18.01,12.847,18.31857143,13.19565714,17.38271429,13.091,5.227571429,1.43767494,1.658585471,-0.671433337
Mussel32,19-Jul,1Day,Pool32,Mussel,14.625,18.509,3.884,16.368,16.31794792,16.31794792,1.236575861,1.112014326,17.8982,18.02495,14.84,18.509,17.8982,18.02495,14.625,3.884,1.311599489,2.247978675,-2.331346488
Mussel32,19-Jul,1Month,Pool32,Mussel,11.467,26.598,15.131,16.987,17.44814696,17.44838917,9.633632892,3.103809416,21.819,23.04,13.449,21.60106452,15.02864839,21.30863226,14.59519355,7.005870968,1.311599489,4.449027702,2.201551717
Mussel32,19-Jul,1Week,Pool32,Mussel,14.745,23.713,8.968,17.249,18.12240278,18.12240278,4.506902896,2.122946748,21.569,22.274,15.986,21.68642857,16.06251429,21.41956429,15.61785714,6.068571429,1.311599489,4.178605789,-0.379307363
Mussel32,19-Sep,1Day,Pool32,Mussel,13.81,18.913,5.103,14.912,14.98047917,14.98047917,0.888509811,0.942607984,15.605,17.05475,14.074,18.913,15.605,17.05475,13.81,5.103,1.48522517,1.630638329,-1.881092672
Mussel32,19-Sep,1Month,Pool32,Mussel,10.785,24.629,13.844,16.094,16.39224273,16.39224273,7.457337361,2.730812583,20.222,21.772,13.353,19.89303125,14.71393438,19.42786875,14.53575,5.35728125,1.48522517,3.449937982,1.330860054
Mussel32,19-Sep,1Week,Pool32,Mussel,12.871,20.126,7.255,14.697,14.96982192,14.96982192,2.142520084,1.463734977,17.07,18.277,13.473,18.05,13.64485714,17.28853571,13.535,4.515,1.48522517,1.730804232,-1.079445184
Mussel33,19-Mar,1Day,Pool33,Mussel,5.745,13.497,7.752,7.8325,8.662633803,8.662633803,6.203648134,2.490712375,12.6708,13.3938,5.821,13.497,12.6708,13.3938,5.745,7.752,1.627987702,-1.420720013,2.07029621
Mussel33,19-Mar,1Month,Pool33,Mussel,-0.423,13.594,14.017,5.949,5.516295918,5.523124047,6.046421875,2.45894731,7.92,9.361,1.778,8.261862069,3.9506,7.892639655,3.625344828,4.636517241,1.627987702,-4.182376347,3.166477073
Mussel33,19-Mar,1Week,Pool33,Mussel,5.308,13.594,8.286,7.066,7.653095787,7.658065495,2.934538174,1.713049379,10.5335,11.662,6.0588,11.22371429,6.146957143,10.68711429,5.878142857,5.345571429,1.627987702,-2.853160227,1.036431173
Mussel35,19-Mar,1Day,Pool35,Mussel,5.205,9.903,4.698,7.494,7.513373665,7.513373665,2.483285013,1.575844222,9.682,9.829,5.462,9.903,9.682,9.829,5.205,4.698,1.300449183,-3.344282298,0.277773616
Mussel35,19-Mar,1Month,Pool35,Mussel,-1.356,10.149,11.505,5.745,4.886383073,4.892612976,6.989336696,2.643735368,7.745,8.17,0.825,6.839068966,3.622275862,6.502694828,3.312344828,3.526724138,1.300449183,-4.862334927,3.044591878
Mussel35,19-Mar,1Week,Pool35,Mussel,5.205,10.149,4.944,6.99,7.192280843,7.192926872,1.120519163,1.058545778,8.817,9.336,5.821,9.346,6.0087,8.999921429,5.746428571,3.599571429,1.300449183,-3.918206366,-0.287873711
Mussel36,19-Mar,1Day,Pool36,Mussel,4.921,8.22,3.299,6.408,6.434461268,6.434461268,1.111794094,1.054416471,7.9625,8.11625,5.024,8.22,7.9625,8.11625,4.921,3.299,1.580377402,-4.4247877,-0.482590177
Mussel36,19-Mar,1Month,Pool36,Mussel,-0.143,8.693,8.836,5.616,4.749356062,4.753991558,5.692680238,2.385933829,7.293,7.72,1.126,5.809413793,3.943958621,5.672093103,3.738310345,2.071103448,1.580377402,-5.2615516,2.056733173
Mussel36,19-Mar,1Week,Pool36,Mussel,5.05,8.469,3.419,6.839,6.756098796,6.753404015,0.56605976,0.75236943,7.745,8.02,5.591,8.133571429,5.942071429,7.893142857,5.72,2.413571429,1.580377402,-4.539834526,-0.902837808
Mussel5,19-Mar,1Day,Pool5,Mussel,6.611,13.281,6.67,8.792,9.156049822,9.156049822,5.118340462,2.26237496,12.823,13.112,6.813,13.281,12.823,13.112,6.611,6.67,1.286709661,-1.37877211,1.301896498
Mussel5,19-Mar,1Month,Pool5,Mussel,1.017,13.281,12.264,6.204,6.000628091,6.006185629,3.54976338,1.884081575,7.795,9.04,3.5614,8.165896552,4.660386207,7.921401724,4.330689655,3.835206897,1.286709661,-4.208206385,1.903920424
Mussel5,19-Mar,1Week,Pool5,Mussel,5.539,13.281,7.742,7.041,7.606923771,7.612418834,2.451800384,1.56582259,10.198,11.32975,6.382,10.68371429,6.383271429,10.08276429,6.119,4.564714286,1.286709661,-3.034465802,0.642970851
Mussel6,19-Jul,1Day,Pool6,Mussel,14.673,18.675,4.002,15.509,15.62390972,15.62390972,0.759176765,0.871307503,16.4702,17.47675,14.721,18.675,16.4702,17.47675,14.673,4.002,1.321906148,1.862414294,-2.419042616
Mussel6,19-Jul,1Month,Pool6,Mussel,10.761,25.841,15.08,15.772,15.9697553,15.97068298,7.4875629,2.736341152,19.484,21.724,12.509,20.09212903,14.20254839,19.55868226,13.95116129,6.140967742,1.321906148,3.389306545,1.721882764
Mussel6,19-Jul,1Week,Pool6,Mussel,14.649,23.16,8.511,16.296,16.75132044,16.75132044,3.180437637,1.783378153,19.603,20.412,15.031,20.04014286,15.32177143,19.68368571,15.07242857,4.967714286,1.321906148,3.196223643,-0.854705052
Mussel6,19-Sep,1Day,Pool6,Mussel,11.88,21.795,9.915,14.9,15.33387847,15.33387847,5.97060918,2.443483002,19.6699,21.157,12.5508,21.795,19.6699,21.157,11.88,9.915,1.18502007,3.495565976,1.253373435
Mussel6,19-Sep,1Month,Pool6,Mussel,9.952,23.497,13.545,15.247,15.42894716,15.42894716,6.303243265,2.51062607,18.557,20.37075,12.606,18.91725,13.80782188,18.38746563,13.50978125,5.40746875,1.18502007,2.670123435,1.18625251
Mussel6,19-Sep,1Week,Pool6,Mussel,11.321,19.294,7.973,14.122,14.24156498,14.24156498,1.624081474,1.274394552,15.652,16.439,12.678,17.41442857,12.72514286,16.54888571,12.55957143,4.854857143,1.18502007,1.081792685,-0.934545763
Mussel7,19-Mar,1Day,Pool7,Mussel,5.693,9.805,4.112,7.1545,7.387105634,7.387105634,1.569098823,1.252636748,9.445,9.7764,5.975,9.805,9.445,9.7764,5.693,4.112,1.37483895,-3.494549981,-0.25505738
Mussel7,19-Mar,1Month,Pool7,Mussel,-0.648,9.903,10.551,6.051,5.377210684,5.381858224,4.731019681,2.175090729,7.544,8.07,1.805,7.15162069,4.144903448,6.911708621,3.791068966,3.360551724,1.37483895,-4.840104076,2.15974846
Mussel7,19-Mar,1Week,Pool7,Mussel,5.076,9.903,4.827,6.965,7.103968907,7.104379408,0.884502379,0.940479867,8.469,9.163,5.975,9.016428571,6.155214286,8.620085714,5.885142857,3.131285714,1.37483895,-4.058618871,-0.493670894
Mussel7,19-Sep,1Day,Pool7,Mussel,14.314,18.01,3.696,15.414,15.7798386,15.7798386,1.421681058,1.192342677,17.701,17.867,14.361,18.01,17.701,17.867,14.314,3.696,1.53929331,1.974643758,-2.213322907
Mussel7,19-Sep,1Month,Pool7,Mussel,10.296,23.617,13.321,15.867,16.06595964,16.06595964,7.352676545,2.711581927,20.031,21.413,13.016,19.423375,14.2688375,18.94483594,14.08275,5.340625,1.53929331,3.153227976,1.318705273
Mussel7,19-Sep,1Week,Pool7,Mussel,11.977,18.889,6.912,14.314,14.54756647,14.54756647,1.726617202,1.314008068,16.368,17.177,12.908,17.39742857,13.08742857,16.77170714,12.99085714,4.406571429,1.53929331,1.241702553,-1.173851841
Mussel8,19-Mar,1Day,Pool8,Mussel,5.693,15.27,9.577,7.97,9.16744484,9.16744484,10.31594444,3.211844399,14.529,15.079,5.872,15.27,14.529,15.079,5.693,9.577,1.603297643,-0.310194359,3.559934154
Mussel8,19-Mar,1Month,Pool8,Mussel,-0.958,15.27,16.228,6.077,5.690861345,5.69797515,6.996924304,2.645169995,8.12,10.051,1.859,8.827793103,3.872855172,8.527710345,3.493448276,5.334344828,1.603297643,-3.816931547,3.818515091
Mussel8,19-Mar,1Week,Pool8,Mussel,4.714,15.27,10.556,7.015,7.803179539,7.809599929,5.119074323,2.262537143,11.832,13.449,5.796,12.30185714,5.9891,11.69187143,5.654285714,6.647571429,1.603297643,-2.20698165,2.230483305
Mussel9,19-Mar,1Day,Pool9,Mussel,5.949,8.817,2.868,6.965,7.16241637,7.16241637,0.721117415,0.849186325,8.568,8.767,6.255,8.817,8.568,8.767,5.949,2.868,0.664197947,-4.020483237,-0.976814946
Mussel9,19-Mar,1Month,Pool9,Mussel,-0.395,9.015,9.41,6.051,5.541029892,5.544477157,3.046804885,1.745509921,7.293,7.77,2.69,7.196655172,4.270641379,6.958881034,3.933068966,3.263586207,0.664197947,-4.989478946,1.436868849
Mussel9,19-Mar,1Week,Pool9,Mussel,4.947,9.015,4.068,6.889,6.907813942,6.907180164,0.518643439,0.720169035,7.97,8.32775,6.0078,8.663857143,6.181571429,8.090535714,5.812,2.851857143,0.664197947,-4.346587096,-0.807381059